config,run,stream,window_index,window_start_s,mean_IAT,IAT_variance,mean_frame_size,burst_length,count,phase_offset_mean_us,phase_offset_std_us,gate_util,queue_depth_max,drops,label
BenignDiverse,0,av1,0,0.0,9.020423744954128e-05,1.2396294288146558e-12,500.0,1,110,3.1644346874999996,8.651678333617077,0.2500000000000001,2.0,0,0
BenignDiverse,0,av1,1,0.01,9.00340711181818e-05,1.2611378163040927e-12,500.0,1,111,,,0.24999999999999986,0,0,0
BenignDiverse,0,av1,2,0.02,9.001913860000003e-05,1.3098037834586551e-12,500.0,1,111,,,0.2500000000000003,0,0,0
BenignDiverse,0,av1,3,0.03,8.990119708108109e-05,1.3269006992870201e-12,500.0,1,112,,,0.25000000000000017,0,0,0
BenignDiverse,0,av1,4,0.04,8.996593494545458e-05,1.4936049269415785e-12,500.0,1,111,,,0.25000000000000017,0,0,0
BenignDiverse,0,av1,5,0.05,8.991134218181815e-05,1.1834629355389524e-12,500.0,1,111,,,0.25000000000000017,0,0,0
BenignDiverse,0,av1,6,0.06,8.992089529090911e-05,1.2135640994947947e-12,500.0,1,111,,,0.25000000000000033,0,0,0
BenignDiverse,0,av1,7,0.07,8.981050300900905e-05,1.2558668276079645e-12,500.0,1,112,,,0.25000000000000033,0,0,0
BenignDiverse,0,av1,8,0.08,8.998734333636359e-05,1.5296016555626652e-12,500.0,1,111,,,0.25000000000000033,0,0,0
BenignDiverse,0,av1,9,0.09,9.004782860909086e-05,1.4061849842281562e-12,500.0,1,111,,,0.25000000000000033,0,0,0
BenignDiverse,0,av1,10,0.1,9.005512819999998e-05,1.435971319846543e-12,500.0,1,111,,,0.24999999999999895,0,0,0
BenignDiverse,0,av1,11,0.11,8.993358419999999e-05,1.3385404726454344e-12,500.0,1,111,,,0.25000000000000033,0,0,0
BenignDiverse,0,av1,12,0.12,8.99788103363637e-05,1.5200160867366555e-12,500.0,1,111,,,0.24999999999998612,0,0,0
BenignDiverse,0,av1,13,0.13,9.005523007272729e-05,1.4584897939295374e-12,500.0,1,111,,,0.24999999999997224,0,0,0
BenignDiverse,0,av1,14,0.14,8.982230798198217e-05,1.3320482718913928e-12,500.0,1,112,,,0.250000000000025,0,0,0
BenignDiverse,0,av2,0,0.0,9.001607837614679e-05,1.1628906550368074e-12,500.0,1,110,3.5117274166666665,11.04558092337483,0.2500000000000001,3.0,0,0
BenignDiverse,0,av2,1,0.01,8.998127009999999e-05,1.4365712919703225e-12,500.0,1,111,,,0.24999999999999986,0,0,0
BenignDiverse,0,av2,2,0.02,9.005547130000001e-05,1.4751995433071213e-12,500.0,1,111,,,0.2500000000000003,0,0,0
BenignDiverse,0,av2,3,0.03,9.010608150000002e-05,1.4297107552377412e-12,500.0,1,111,,,0.25000000000000017,0,0,0
BenignDiverse,0,av2,4,0.04,9.005336768181818e-05,1.3002008311916302e-12,500.0,1,111,,,0.25000000000000017,0,0,0
BenignDiverse,0,av2,5,0.05,9.00840578181818e-05,1.4809110766044483e-12,500.0,1,111,,,0.25000000000000017,0,0,0
BenignDiverse,0,av2,6,0.06,9.003197673636364e-05,1.4128566565579775e-12,500.0,1,111,,,0.25000000000000033,0,0,0
BenignDiverse,0,av2,7,0.07,9.015447460909091e-05,1.3126868463010003e-12,500.0,1,111,,,0.25000000000000033,0,0,0
BenignDiverse,0,av2,8,0.08,8.998716490000006e-05,1.4599708926994112e-12,500.0,1,111,,,0.25000000000000033,0,0,0
BenignDiverse,0,av2,9,0.09,9.004408593636369e-05,1.3955518344711404e-12,500.0,1,111,,,0.25000000000000033,0,0,0
BenignDiverse,0,av2,10,0.1,8.998060225454546e-05,1.370108252548337e-12,500.0,1,111,,,0.24999999999999895,0,0,0
BenignDiverse,0,av2,11,0.11,9.034681529090914e-05,1.115048017052481e-12,500.0,1,111,,,0.25000000000000033,0,0,0
BenignDiverse,0,av2,12,0.12,9.012727439090906e-05,1.2433888979025927e-12,500.0,1,111,,,0.24999999999998612,0,0,0
BenignDiverse,0,av2,13,0.13,9.00389570363634e-05,1.2843232117645538e-12,500.0,1,111,,,0.24999999999997224,0,0,0
BenignDiverse,0,av2,14,0.14,9.009698254545446e-05,1.4269418307809224e-12,500.0,1,111,,,0.250000000000025,0,0,0
BenignDiverse,0,radarNode,0,0.0,0.0004998780762105263,7.40589871321743e-12,64.0,1,20,3.4282094166666663,9.56319763145615,0.2500000000000001,2.0,0,0
BenignDiverse,0,radarNode,1,0.01,0.0004991337705263158,9.481554886525858e-12,64.0,1,20,,,0.24999999999999986,0,0,0
BenignDiverse,0,radarNode,2,0.02,0.0005001047365789475,3.695484561051286e-12,64.0,1,20,,,0.2500000000000003,0,0,0
BenignDiverse,0,radarNode,3,0.03,0.0004991428842631581,6.5145262611718835e-12,64.0,1,20,,,0.25000000000000017,0,0,0
BenignDiverse,0,radarNode,4,0.04,0.0005011509747894739,1.1240212543872128e-11,64.0,1,20,,,0.25000000000000017,0,0,0
BenignDiverse,0,radarNode,5,0.05,0.0004981225529999999,5.597134049929955e-12,64.0,1,20,,,0.25000000000000017,0,0,0
BenignDiverse,0,radarNode,6,0.06,0.0005004707058421051,7.785406320552759e-12,64.0,1,20,,,0.25000000000000033,0,0,0
BenignDiverse,0,radarNode,7,0.07,0.0004992458754736846,8.344836741349026e-12,64.0,1,20,,,0.25000000000000033,0,0,0
BenignDiverse,0,radarNode,8,0.08,0.0005003936550526316,1.1205552730205553e-11,64.0,1,20,,,0.25000000000000033,0,0,0
BenignDiverse,0,radarNode,9,0.09,0.0005014912028947369,9.23621515328213e-12,64.0,1,20,,,0.25000000000000033,0,0,0
BenignDiverse,0,radarNode,10,0.1,0.0005000595871578948,6.827815517403662e-12,64.0,1,20,,,0.24999999999999895,0,0,0
BenignDiverse,0,radarNode,11,0.11,0.0004996245872631574,1.1919258822100776e-11,64.0,1,20,,,0.25000000000000033,0,0,0
BenignDiverse,0,radarNode,12,0.12,0.0005000793284210533,9.017931763199581e-12,64.0,1,20,,,0.24999999999998612,0,0,0
BenignDiverse,0,radarNode,13,0.13,0.0005005089033157896,8.878361087586738e-12,64.0,1,20,,,0.24999999999997224,0,0,0
BenignDiverse,0,radarNode,14,0.14,0.0005005670755789466,9.990447584275418e-12,64.0,1,20,,,0.250000000000025,0,0,0
BenignDiverse,0,zonalHost,0,0.0,0.0004990741604499999,8.995206639001487e-12,20.0,1,21,3.151521895833333,8.244963721235836,0.2500000000000001,2.0,0,0
BenignDiverse,0,zonalHost,1,0.01,0.0004992120875263158,8.266324138866949e-12,20.0,1,20,,,0.24999999999999986,0,0,0
BenignDiverse,0,zonalHost,2,0.02,0.0004996862944210525,1.0078113672755743e-11,20.0,1,20,,,0.2500000000000003,0,0,0
BenignDiverse,0,zonalHost,3,0.03,0.0005001113681052633,8.471113238641546e-12,20.0,1,20,,,0.25000000000000017,0,0,0
BenignDiverse,0,zonalHost,4,0.04,0.0005000501659473685,7.41965032953334e-12,20.0,1,20,,,0.25000000000000017,0,0,0
BenignDiverse,0,zonalHost,5,0.05,0.0005004756964736842,9.495931571574376e-12,20.0,1,20,,,0.25000000000000017,0,0,0
BenignDiverse,0,zonalHost,6,0.06,0.000499899892157895,5.4512238558239865e-12,20.0,1,20,,,0.25000000000000033,0,0,0
BenignDiverse,0,zonalHost,7,0.07,0.0005007728125263155,9.923329511114954e-12,20.0,1,20,,,0.25000000000000033,0,0,0
BenignDiverse,0,zonalHost,8,0.08,0.0004993748203684214,7.426979433035862e-12,20.0,1,20,,,0.25000000000000033,0,0,0
BenignDiverse,0,zonalHost,9,0.09,0.0005004075780526316,1.139733320712461e-11,20.0,1,20,,,0.25000000000000033,0,0,0
BenignDiverse,0,zonalHost,10,0.1,0.0005001948719473687,1.0266084887733747e-11,20.0,1,20,,,0.24999999999999895,0,0,0
BenignDiverse,0,zonalHost,11,0.11,0.0004991196635263162,9.585274922856324e-12,20.0,1,20,,,0.25000000000000033,0,0,0
BenignDiverse,0,zonalHost,12,0.12,0.0004994133404736841,1.1094325730691209e-11,20.0,1,20,,,0.24999999999998612,0,0,0
BenignDiverse,0,zonalHost,13,0.13,0.000499865619842106,9.993562408933787e-12,20.0,1,20,,,0.24999999999997224,0,0,0
BenignDiverse,0,zonalHost,14,0.14,0.0004993948533684222,7.95221146719224e-12,20.0,1,20,,,0.250000000000025,0,0,0
BenignDiverse,0,attackNode,0,0.0,,,,0,0,2.468394083333333,6.674358805408398,0.2500000000000001,3.0,0,0
BenignDiverse,0,attackNode,1,0.01,,,,0,0,,,0.24999999999999986,0,0,0
BenignDiverse,0,attackNode,2,0.02,,,,0,0,,,0.2500000000000003,0,0,0
BenignDiverse,0,attackNode,3,0.03,,,,0,0,,,0.25000000000000017,0,0,0
BenignDiverse,0,attackNode,4,0.04,,,,0,0,,,0.25000000000000017,0,0,0
BenignDiverse,0,attackNode,5,0.05,,,,0,0,,,0.25000000000000017,0,0,0
BenignDiverse,0,attackNode,6,0.06,,,,0,0,,,0.25000000000000033,0,0,0
BenignDiverse,0,attackNode,7,0.07,,,,0,0,,,0.25000000000000033,0,0,0
BenignDiverse,0,attackNode,8,0.08,,,,0,0,,,0.25000000000000033,0,0,0
BenignDiverse,0,attackNode,9,0.09,,,,0,0,,,0.25000000000000033,0,0,0
BenignDiverse,0,attackNode,10,0.1,,,,0,0,,,0.24999999999999895,0,0,0
BenignDiverse,0,attackNode,11,0.11,,,,0,0,,,0.25000000000000033,0,0,0
BenignDiverse,0,attackNode,12,0.12,,,,0,0,,,0.24999999999998612,0,0,0
BenignDiverse,0,attackNode,13,0.13,,,,0,0,,,0.24999999999997224,0,0,0
BenignDiverse,0,attackNode,14,0.14,,,,0,0,,,0.250000000000025,0,0,0
BenignDiverse,1,av1,0,0.0,9.004912280733946e-05,1.59684113608947e-12,500.0,1,110,3.3209385833333336,9.125106425171255,0.2500000000000001,2.0,0,0
BenignDiverse,1,av1,1,0.01,8.999361399099097e-05,1.378118186518938e-12,500.0,1,112,,,0.24999999999999986,0,0,0
BenignDiverse,1,av1,2,0.02,9.002652550000001e-05,1.2271769793551781e-12,500.0,1,111,,,0.2500000000000003,0,0,0
BenignDiverse,1,av1,3,0.03,9.015144956363634e-05,1.4235975789311487e-12,500.0,1,111,,,0.25000000000000017,0,0,0
BenignDiverse,1,av1,4,0.04,8.994164325454548e-05,1.2943616037314572e-12,500.0,1,111,,,0.25000000000000017,0,0,0
BenignDiverse,1,av1,5,0.05,9.012717261818182e-05,1.3461366842762104e-12,500.0,1,111,,,0.25000000000000017,0,0,0
BenignDiverse,1,av1,6,0.06,8.996918858181812e-05,1.5429581718933631e-12,500.0,1,111,,,0.25000000000000033,0,0,0
BenignDiverse,1,av1,7,0.07,8.986022400909088e-05,1.4100061023515613e-12,500.0,1,111,,,0.25000000000000033,0,0,0
BenignDiverse,1,av1,8,0.08,9.006339085454551e-05,1.1026967284419574e-12,500.0,1,111,,,0.25000000000000033,0,0,0
BenignDiverse,1,av1,9,0.09,9.00703994e-05,1.4245897760355267e-12,500.0,1,111,,,0.25000000000000033,0,0,0
BenignDiverse,1,av1,10,0.1,9.009661400909091e-05,1.3548453291536448e-12,500.0,1,111,,,0.24999999999999895,0,0,0
BenignDiverse,1,av1,11,0.11,8.993490812727272e-05,1.3546682641333119e-12,500.0,1,111,,,0.25000000000000033,0,0,0
BenignDiverse,1,av1,12,0.12,9.014753495454545e-05,1.3215568147796319e-12,500.0,1,111,,,0.24999999999998612,0,0,0
BenignDiverse,1,av1,13,0.13,9.002560090909106e-05,1.118564514339716e-12,500.0,1,111,,,0.24999999999997224,0,0,0
BenignDiverse,1,av1,14,0.14,9.011219449090901e-05,1.2889019227138162e-12,500.0,1,111,,,0.250000000000025,0,0,0
BenignDiverse,1,av2,0,0.0,8.99442016055046e-05,1.1089866193889968e-12,500.0,1,110,3.6341627291666665,11.523045127370409,0.2500000000000001,3.0,0,0
BenignDiverse,1,av2,1,0.01,8.990039936363635e-05,1.5469508667543624e-12,500.0,1,111,,,0.24999999999999986,0,0,0
BenignDiverse,1,av2,2,0.02,8.995945316363639e-05,1.415912085012206e-12,500.0,1,111,,,0.2500000000000003,0,0,0
BenignDiverse,1,av2,3,0.03,9.00368016090909e-05,1.4214471533446129e-12,500.0,1,111,,,0.25000000000000017,0,0,0
BenignDiverse,1,av2,4,0.04,8.997672637837837e-05,1.3959252254040726e-12,500.0,1,112,,,0.25000000000000017,0,0,0
BenignDiverse,1,av2,5,0.05,9.002171381818181e-05,1.3848465038051588e-12,500.0,1,111,,,0.25000000000000017,0,0,0
BenignDiverse,1,av2,6,0.06,8.997787516363637e-05,1.2020709783776815e-12,500.0,1,111,,,0.25000000000000033,0,0,0
BenignDiverse,1,av2,7,0.07,8.99060639363636e-05,1.3664855528034898e-12,500.0,1,111,,,0.25000000000000033,0,0,0
BenignDiverse,1,av2,8,0.08,9.011589482727272e-05,1.2553385789331058e-12,500.0,1,111,,,0.25000000000000033,0,0,0
BenignDiverse,1,av2,9,0.09,9.003372813636367e-05,1.354128275079806e-12,500.0,1,111,,,0.25000000000000033,0,0,0
BenignDiverse,1,av2,10,0.1,9.00914771363636e-05,1.3588106498864e-12,500.0,1,111,,,0.24999999999999895,0,0,0
BenignDiverse,1,av2,11,0.11,8.989738544545448e-05,1.3650209612489157e-12,500.0,1,111,,,0.25000000000000033,0,0,0
BenignDiverse,1,av2,12,0.12,9.014480060909085e-05,1.4215245540529974e-12,500.0,1,111,,,0.24999999999998612,0,0,0
BenignDiverse,1,av2,13,0.13,9.020297572727255e-05,1.3892648295729683e-12,500.0,1,111,,,0.24999999999997224,0,0,0
BenignDiverse,1,av2,14,0.14,8.999583204545454e-05,1.301281561805423e-12,500.0,1,111,,,0.250000000000025,0,0,0
BenignDiverse,1,radarNode,0,0.0,0.0004995811864210527,1.0260107410009977e-11,64.0,1,20,3.551286625,9.853907826131811,0.2500000000000001,2.0,0,0
BenignDiverse,1,radarNode,1,0.01,0.0004996121947894736,8.198512563338504e-12,64.0,1,20,,,0.24999999999999986,0,0,0
BenignDiverse,1,radarNode,2,0.02,0.0004998537048421052,6.3494527513304725e-12,64.0,1,20,,,0.2500000000000003,0,0,0
BenignDiverse,1,radarNode,3,0.03,0.0005005398031052632,7.872497213591773e-12,64.0,1,20,,,0.25000000000000017,0,0,0
BenignDiverse,1,radarNode,4,0.04,0.0004995892072105263,1.0215524055362286e-11,64.0,1,20,,,0.25000000000000017,0,0,0
BenignDiverse,1,radarNode,5,0.05,0.0004993642743684212,8.90586186247932e-12,64.0,1,20,,,0.25000000000000017,0,0,0
BenignDiverse,1,radarNode,6,0.06,0.0004990192889999998,9.446728869310419e-12,64.0,1,20,,,0.25000000000000033,0,0,0
BenignDiverse,1,radarNode,7,0.07,0.0005005238518947366,5.564607887491522e-12,64.0,1,20,,,0.25000000000000033,0,0,0
BenignDiverse,1,radarNode,8,0.08,0.0005004413154736835,1.1634438519966026e-11,64.0,1,20,,,0.25000000000000033,0,0,0
BenignDiverse,1,radarNode,9,0.09,0.0004990381314210523,8.138832398963422e-12,64.0,1,20,,,0.25000000000000033,0,0,0
BenignDiverse,1,radarNode,10,0.1,0.000500593719263158,8.718216136290726e-12,64.0,1,20,,,0.24999999999999895,0,0,0
BenignDiverse,1,radarNode,11,0.11,0.0005014254052631576,1.1477444559257067e-11,64.0,1,20,,,0.25000000000000033,0,0,0
BenignDiverse,1,radarNode,12,0.12,0.00050079132931579,6.606782957684669e-12,64.0,1,20,,,0.24999999999998612,0,0,0
BenignDiverse,1,radarNode,13,0.13,0.0005011359790526318,1.015118477894415e-11,64.0,1,20,,,0.24999999999997224,0,0,0
BenignDiverse,1,radarNode,14,0.14,0.0004992033114736838,3.786986736325307e-12,64.0,1,20,,,0.250000000000025,0,0,0
BenignDiverse,1,zonalHost,0,0.0,0.0004983184904,6.643194546794887e-12,20.0,1,21,3.217896458333333,8.429267141976112,0.2500000000000001,2.0,0,0
BenignDiverse,1,zonalHost,1,0.01,0.0004992673072631579,1.1275988127480528e-11,20.0,1,20,,,0.24999999999999986,0,0,0
BenignDiverse,1,zonalHost,2,0.02,0.0004986033937368422,5.921906755737769e-12,20.0,1,20,,,0.2500000000000003,0,0,0
BenignDiverse,1,zonalHost,3,0.03,0.0004999358495263157,9.088779305072389e-12,20.0,1,20,,,0.25000000000000017,0,0,0
BenignDiverse,1,zonalHost,4,0.04,0.0004993368135263158,5.584320603226575e-12,20.0,1,20,,,0.25000000000000017,0,0,0
BenignDiverse,1,zonalHost,5,0.05,0.0004996813374736842,7.043454778788448e-12,20.0,1,20,,,0.25000000000000017,0,0,0
BenignDiverse,1,zonalHost,6,0.06,0.0005002297857894734,4.7856297935004424e-12,20.0,1,20,,,0.25000000000000033,0,0,0
BenignDiverse,1,zonalHost,7,0.07,0.0005002372331052638,7.052360060767327e-12,20.0,1,20,,,0.25000000000000033,0,0,0
BenignDiverse,1,zonalHost,8,0.08,0.0004996922856315788,6.308023987286463e-12,20.0,1,20,,,0.25000000000000033,0,0,0
BenignDiverse,1,zonalHost,9,0.09,0.0004992201400526316,8.327325895619009e-12,20.0,1,20,,,0.25000000000000033,0,0,0
BenignDiverse,1,zonalHost,10,0.1,0.00049997951268421,1.1218407448302126e-11,20.0,1,20,,,0.24999999999999895,0,0,0
BenignDiverse,1,zonalHost,11,0.11,0.0004995359834736846,9.08050627452912e-12,20.0,1,20,,,0.25000000000000033,0,0,0
BenignDiverse,1,zonalHost,12,0.12,0.0005014559510000003,6.62767729297663e-12,20.0,1,20,,,0.24999999999998612,0,0,0
BenignDiverse,1,zonalHost,13,0.13,0.000500553038631579,6.973692418175337e-12,20.0,1,20,,,0.24999999999997224,0,0,0
BenignDiverse,1,zonalHost,14,0.14,0.0005004283943684211,6.202488553297562e-12,20.0,1,20,,,0.250000000000025,0,0,0
BenignDiverse,1,attackNode,0,0.0,,,,0,0,2.5908293958333335,7.100256740231453,0.2500000000000001,3.0,0,0
BenignDiverse,1,attackNode,1,0.01,,,,0,0,,,0.24999999999999986,0,0,0
BenignDiverse,1,attackNode,2,0.02,,,,0,0,,,0.2500000000000003,0,0,0
BenignDiverse,1,attackNode,3,0.03,,,,0,0,,,0.25000000000000017,0,0,0
BenignDiverse,1,attackNode,4,0.04,,,,0,0,,,0.25000000000000017,0,0,0
BenignDiverse,1,attackNode,5,0.05,,,,0,0,,,0.25000000000000017,0,0,0
BenignDiverse,1,attackNode,6,0.06,,,,0,0,,,0.25000000000000033,0,0,0
BenignDiverse,1,attackNode,7,0.07,,,,0,0,,,0.25000000000000033,0,0,0
BenignDiverse,1,attackNode,8,0.08,,,,0,0,,,0.25000000000000033,0,0,0
BenignDiverse,1,attackNode,9,0.09,,,,0,0,,,0.25000000000000033,0,0,0
BenignDiverse,1,attackNode,10,0.1,,,,0,0,,,0.24999999999999895,0,0,0
BenignDiverse,1,attackNode,11,0.11,,,,0,0,,,0.25000000000000033,0,0,0
BenignDiverse,1,attackNode,12,0.12,,,,0,0,,,0.24999999999998612,0,0,0
BenignDiverse,1,attackNode,13,0.13,,,,0,0,,,0.24999999999997224,0,0,0
BenignDiverse,1,attackNode,14,0.14,,,,0,0,,,0.250000000000025,0,0,0
BenignDiverse,2,av1,0,0.0,8.981176402727273e-05,1.0858867003649022e-12,500.0,1,111,3.397084375,9.440030866671934,0.2500000000000001,2.0,0,0
BenignDiverse,2,av1,1,0.01,8.99123517181818e-05,1.4662855371077918e-12,500.0,1,111,,,0.24999999999999986,0,0,0
BenignDiverse,2,av1,2,0.02,8.995306355454547e-05,1.4931977466841739e-12,500.0,1,111,,,0.2500000000000003,0,0,0
BenignDiverse,2,av1,3,0.03,9.006406695454546e-05,1.2213631797683188e-12,500.0,1,111,,,0.25000000000000017,0,0,0
BenignDiverse,2,av1,4,0.04,8.997291496363639e-05,1.1142470205011964e-12,500.0,1,111,,,0.25000000000000017,0,0,0
BenignDiverse,2,av1,5,0.05,9.006292720000003e-05,1.379880853805802e-12,500.0,1,111,,,0.25000000000000017,0,0,0
BenignDiverse,2,av1,6,0.06,8.988877780180181e-05,1.2655999420176709e-12,500.0,1,112,,,0.25000000000000033,0,0,0
BenignDiverse,2,av1,7,0.07,8.994720199090917e-05,1.1336582101794686e-12,500.0,1,111,,,0.25000000000000033,0,0,0
BenignDiverse,2,av1,8,0.08,8.999989312727272e-05,1.3951022088521911e-12,500.0,1,111,,,0.25000000000000033,0,0,0
BenignDiverse,2,av1,9,0.09,9.0169629109091e-05,1.4914720451393765e-12,500.0,1,111,,,0.25000000000000033,0,0,0
BenignDiverse,2,av1,10,0.1,8.983281417272738e-05,1.2817506836312719e-12,500.0,1,111,,,0.24999999999999895,0,0,0
BenignDiverse,2,av1,11,0.11,8.99724685818182e-05,1.292510940237933e-12,500.0,1,111,,,0.25000000000000033,0,0,0
BenignDiverse,2,av1,12,0.12,8.99047756216215e-05,1.1401723900167113e-12,500.0,1,112,,,0.24999999999998612,0,0,0
BenignDiverse,2,av1,13,0.13,8.998489504545444e-05,1.3373479877430762e-12,500.0,1,111,,,0.24999999999997224,0,0,0
BenignDiverse,2,av1,14,0.14,8.99065460818181e-05,1.3532484604733702e-12,500.0,1,111,,,0.250000000000025,0,0,0
BenignDiverse,2,av2,0,0.0,9.021056664220183e-05,1.2177482857148737e-12,500.0,1,110,3.5155016874999996,10.747556156489745,0.2500000000000001,3.0,0,0
BenignDiverse,2,av2,1,0.01,8.997007504545456e-05,1.410084600133539e-12,500.0,1,111,,,0.24999999999999986,0,0,0
BenignDiverse,2,av2,2,0.02,8.992633879090911e-05,1.2756524478320044e-12,500.0,1,111,,,0.2500000000000003,0,0,0
BenignDiverse,2,av2,3,0.03,8.995659011818181e-05,1.455303675627442e-12,500.0,1,111,,,0.25000000000000017,0,0,0
BenignDiverse,2,av2,4,0.04,8.987990407207213e-05,1.2662829177710245e-12,500.0,1,112,,,0.25000000000000017,0,0,0
BenignDiverse,2,av2,5,0.05,9.00449047909091e-05,1.3704240158347334e-12,500.0,1,111,,,0.25000000000000017,0,0,0
BenignDiverse,2,av2,6,0.06,8.979805836363636e-05,1.0588003541566948e-12,500.0,1,111,,,0.25000000000000033,0,0,0
BenignDiverse,2,av2,7,0.07,9.005031300909097e-05,1.2670660378041334e-12,500.0,1,111,,,0.25000000000000033,0,0,0
BenignDiverse,2,av2,8,0.08,9.014866232727269e-05,1.4601718498965662e-12,500.0,1,111,,,0.25000000000000033,0,0,0
BenignDiverse,2,av2,9,0.09,9.018894809090907e-05,1.564014066992517e-12,500.0,1,111,,,0.25000000000000033,0,0,0
BenignDiverse,2,av2,10,0.1,8.991663831818176e-05,1.5096898936665502e-12,500.0,1,111,,,0.24999999999999895,0,0,0
BenignDiverse,2,av2,11,0.11,8.985347925454548e-05,1.2828841374349828e-12,500.0,1,111,,,0.25000000000000033,0,0,0
BenignDiverse,2,av2,12,0.12,9.002768214545449e-05,1.3421081255483906e-12,500.0,1,111,,,0.24999999999998612,0,0,0
BenignDiverse,2,av2,13,0.13,8.999266702727266e-05,1.4124983320900344e-12,500.0,1,111,,,0.24999999999997224,0,0,0
BenignDiverse,2,av2,14,0.14,8.975229345045037e-05,1.2468365780483902e-12,500.0,1,112,,,0.250000000000025,0,0,0
BenignDiverse,2,radarNode,0,0.0,0.0005012282881578947,8.218979781096496e-12,64.0,1,20,3.0658257916666667,8.311673803231786,0.2500000000000001,2.0,0,0
BenignDiverse,2,radarNode,1,0.01,0.0004995496624210526,8.253548660905235e-12,64.0,1,20,,,0.24999999999999986,0,0,0
BenignDiverse,2,radarNode,2,0.02,0.0004999484448421053,8.041981270317269e-12,64.0,1,20,,,0.2500000000000003,0,0,0
BenignDiverse,2,radarNode,3,0.03,0.0005008926546842103,7.348265708436172e-12,64.0,1,20,,,0.25000000000000017,0,0,0
BenignDiverse,2,radarNode,4,0.04,0.0004994021864210526,1.0037249530204723e-11,64.0,1,20,,,0.25000000000000017,0,0,0
BenignDiverse,2,radarNode,5,0.05,0.0005001809641578949,8.754534128789125e-12,64.0,1,20,,,0.25000000000000017,0,0,0
BenignDiverse,2,radarNode,6,0.06,0.0004991709958947363,9.206926921768285e-12,64.0,1,20,,,0.25000000000000033,0,0,0
BenignDiverse,2,radarNode,7,0.07,0.000500299721684211,1.29413496666267e-11,64.0,1,20,,,0.25000000000000033,0,0,0
BenignDiverse,2,radarNode,8,0.08,0.000499660476368421,8.181178790907713e-12,64.0,1,20,,,0.25000000000000033,0,0,0
BenignDiverse,2,radarNode,9,0.09,0.000499666024894737,1.413685455018201e-11,64.0,1,20,,,0.25000000000000033,0,0,0
BenignDiverse,2,radarNode,10,0.1,0.0004993184295789477,9.464018581458942e-12,64.0,1,20,,,0.24999999999999895,0,0,0
BenignDiverse,2,radarNode,11,0.11,0.0005006208093157896,6.437972693966234e-12,64.0,1,20,,,0.25000000000000033,0,0,0
BenignDiverse,2,radarNode,12,0.12,0.0004996055395789475,9.456103635566537e-12,64.0,1,20,,,0.24999999999998612,0,0,0
BenignDiverse,2,radarNode,13,0.13,0.0005004162057894737,9.107776312457815e-12,64.0,1,20,,,0.24999999999997224,0,0,0
BenignDiverse,2,radarNode,14,0.14,0.0004997020730526322,8.021512071120639e-12,64.0,1,20,,,0.250000000000025,0,0,0
BenignDiverse,2,zonalHost,0,0.0,0.000500632214736842,5.958616511688056e-12,20.0,1,20,3.1729156249999995,8.21907783784449,0.2500000000000001,2.0,0,0
BenignDiverse,2,zonalHost,1,0.01,0.0004998648307368422,6.544126827253688e-12,20.0,1,20,,,0.24999999999999986,0,0,0
BenignDiverse,2,zonalHost,2,0.02,0.0005001980967894737,7.380529210832831e-12,20.0,1,20,,,0.2500000000000003,0,0,0
BenignDiverse,2,zonalHost,3,0.03,0.0004990012698,6.503029305238046e-12,20.0,1,21,,,0.25000000000000017,0,0,0
BenignDiverse,2,zonalHost,4,0.04,0.0004997716622105263,9.837014420814676e-12,20.0,1,20,,,0.25000000000000017,0,0,0
BenignDiverse,2,zonalHost,5,0.05,0.0004993245253684211,9.80154039605505e-12,20.0,1,20,,,0.25000000000000017,0,0,0
BenignDiverse,2,zonalHost,6,0.06,0.0005004085988947369,9.218118640567006e-12,20.0,1,20,,,0.25000000000000033,0,0,0
BenignDiverse,2,zonalHost,7,0.07,0.0005000302171578947,6.0549013175380464e-12,20.0,1,20,,,0.25000000000000033,0,0,0
BenignDiverse,2,zonalHost,8,0.08,0.0005000597521578945,1.2229825456423845e-11,20.0,1,20,,,0.25000000000000033,0,0,0
BenignDiverse,2,zonalHost,9,0.09,0.0005005509180526312,1.1244071599625946e-11,20.0,1,20,,,0.25000000000000033,0,0,0
BenignDiverse,2,zonalHost,10,0.1,0.0005004071394736843,6.546724182232423e-12,20.0,1,20,,,0.24999999999999895,0,0,0
BenignDiverse,2,zonalHost,11,0.11,0.0004996187173684211,1.0779797345600115e-11,20.0,1,20,,,0.25000000000000033,0,0,0
BenignDiverse,2,zonalHost,12,0.12,0.0004999474546842105,1.0712187120945323e-11,20.0,1,20,,,0.24999999999998612,0,0,0
BenignDiverse,2,zonalHost,13,0.13,0.0004999422544210518,6.064223102883949e-12,20.0,1,20,,,0.24999999999997224,0,0,0
BenignDiverse,2,zonalHost,14,0.14,0.00049896832063158,7.397551494868367e-12,20.0,1,20,,,0.250000000000025,0,0,0
BenignDiverse,2,attackNode,0,0.0,,,,0,0,2.4721683541666666,6.578299453346097,0.2500000000000001,3.0,0,0
BenignDiverse,2,attackNode,1,0.01,,,,0,0,,,0.24999999999999986,0,0,0
BenignDiverse,2,attackNode,2,0.02,,,,0,0,,,0.2500000000000003,0,0,0
BenignDiverse,2,attackNode,3,0.03,,,,0,0,,,0.25000000000000017,0,0,0
BenignDiverse,2,attackNode,4,0.04,,,,0,0,,,0.25000000000000017,0,0,0
BenignDiverse,2,attackNode,5,0.05,,,,0,0,,,0.25000000000000017,0,0,0
BenignDiverse,2,attackNode,6,0.06,,,,0,0,,,0.25000000000000033,0,0,0
BenignDiverse,2,attackNode,7,0.07,,,,0,0,,,0.25000000000000033,0,0,0
BenignDiverse,2,attackNode,8,0.08,,,,0,0,,,0.25000000000000033,0,0,0
BenignDiverse,2,attackNode,9,0.09,,,,0,0,,,0.25000000000000033,0,0,0
BenignDiverse,2,attackNode,10,0.1,,,,0,0,,,0.24999999999999895,0,0,0
BenignDiverse,2,attackNode,11,0.11,,,,0,0,,,0.25000000000000033,0,0,0
BenignDiverse,2,attackNode,12,0.12,,,,0,0,,,0.24999999999998612,0,0,0
BenignDiverse,2,attackNode,13,0.13,,,,0,0,,,0.24999999999997224,0,0,0
BenignDiverse,2,attackNode,14,0.14,,,,0,0,,,0.250000000000025,0,0,0
BenignDiverse,3,av1,0,0.0,9.002841632110092e-05,1.1859731482958212e-12,500.0,1,110,2.997492875,8.168695920190642,0.2500000000000001,2.0,0,0
BenignDiverse,3,av1,1,0.01,9.001242276576577e-05,1.2363956650146937e-12,500.0,1,112,,,0.24999999999999986,0,0,0
BenignDiverse,3,av1,2,0.02,9.005863481818182e-05,1.3767073686091741e-12,500.0,1,111,,,0.2500000000000003,0,0,0
BenignDiverse,3,av1,3,0.03,9.001543382727276e-05,1.255877032624714e-12,500.0,1,111,,,0.25000000000000017,0,0,0
BenignDiverse,3,av1,4,0.04,9.02019104e-05,1.2150866920396534e-12,500.0,1,111,,,0.25000000000000017,0,0,0
BenignDiverse,3,av1,5,0.05,9.00252183090909e-05,1.2602621636321093e-12,500.0,1,111,,,0.25000000000000017,0,0,0
BenignDiverse,3,av1,6,0.06,8.99773708818181e-05,1.182923596563402e-12,500.0,1,111,,,0.25000000000000033,0,0,0
BenignDiverse,3,av1,7,0.07,9.004248818181823e-05,1.4534735120121432e-12,500.0,1,111,,,0.25000000000000033,0,0,0
BenignDiverse,3,av1,8,0.08,9.00768678636363e-05,1.2270528639983215e-12,500.0,1,111,,,0.25000000000000033,0,0,0
BenignDiverse,3,av1,9,0.09,9.002832333636357e-05,1.387261118624738e-12,500.0,1,111,,,0.25000000000000033,0,0,0
BenignDiverse,3,av1,10,0.1,8.995078287272726e-05,1.2952878301821631e-12,500.0,1,111,,,0.24999999999999895,0,0,0
BenignDiverse,3,av1,11,0.11,8.978929604545453e-05,1.1791500633094919e-12,500.0,1,111,,,0.25000000000000033,0,0,0
BenignDiverse,3,av1,12,0.12,9.00375157387389e-05,1.336016148685483e-12,500.0,1,112,,,0.24999999999998612,0,0,0
BenignDiverse,3,av1,13,0.13,8.991691564545465e-05,1.317988034392384e-12,500.0,1,111,,,0.24999999999997224,0,0,0
BenignDiverse,3,av1,14,0.14,8.989464027272747e-05,1.2896995385876353e-12,500.0,1,111,,,0.250000000000025,0,0,0
BenignDiverse,3,av2,0,0.0,8.988442840366973e-05,1.2939374594815806e-12,500.0,1,110,3.3815598125000004,10.465669054743389,0.2500000000000001,3.0,0,0
BenignDiverse,3,av2,1,0.01,9.000807294545455e-05,1.3687497515733527e-12,500.0,1,111,,,0.24999999999999986,0,0,0
BenignDiverse,3,av2,2,0.02,9.004011915454545e-05,1.2916073642794053e-12,500.0,1,111,,,0.2500000000000003,0,0,0
BenignDiverse,3,av2,3,0.03,9.000288656363637e-05,1.2897037464829777e-12,500.0,1,111,,,0.25000000000000017,0,0,0
BenignDiverse,3,av2,4,0.04,8.975159372972976e-05,1.2725527243313077e-12,500.0,1,112,,,0.25000000000000017,0,0,0
BenignDiverse,3,av2,5,0.05,9.00316875909091e-05,1.349715801022017e-12,500.0,1,111,,,0.25000000000000017,0,0,0
BenignDiverse,3,av2,6,0.06,9.018601632727279e-05,1.2641828451651055e-12,500.0,1,111,,,0.25000000000000033,0,0,0
BenignDiverse,3,av2,7,0.07,8.996470400000004e-05,1.2469571491282374e-12,500.0,1,111,,,0.25000000000000033,0,0,0
BenignDiverse,3,av2,8,0.08,9.009243065454544e-05,1.165082801729228e-12,500.0,1,111,,,0.25000000000000033,0,0,0
BenignDiverse,3,av2,9,0.09,8.990123984545454e-05,1.380029534570644e-12,500.0,1,111,,,0.25000000000000033,0,0,0
BenignDiverse,3,av2,10,0.1,8.998162368181815e-05,1.2868005523899595e-12,500.0,1,111,,,0.24999999999999895,0,0,0
BenignDiverse,3,av2,11,0.11,8.996392074774777e-05,1.354079702646124e-12,500.0,1,112,,,0.25000000000000033,0,0,0
BenignDiverse,3,av2,12,0.12,8.989793930909075e-05,1.2376738583937071e-12,500.0,1,111,,,0.24999999999998612,0,0,0
BenignDiverse,3,av2,13,0.13,8.995626137272738e-05,1.3799197180077674e-12,500.0,1,111,,,0.24999999999997224,0,0,0
BenignDiverse,3,av2,14,0.14,9.008911003636362e-05,1.4204724431428881e-12,500.0,1,111,,,0.250000000000025,0,0,0
BenignDiverse,3,radarNode,0,0.0,0.0004995262461052631,7.688608352491715e-12,64.0,1,20,3.297161624999999,9.25248394170451,0.2500000000000001,2.0,0,0
BenignDiverse,3,radarNode,1,0.01,0.0004992646521578947,8.083706914807756e-12,64.0,1,20,,,0.24999999999999986,0,0,0
BenignDiverse,3,radarNode,2,0.02,0.0004992829689999999,1.1385429837182475e-11,64.0,1,20,,,0.2500000000000003,0,0,0
BenignDiverse,3,radarNode,3,0.03,0.0005013060634736841,7.881369144375765e-12,64.0,1,20,,,0.25000000000000017,0,0,0
BenignDiverse,3,radarNode,4,0.04,0.0005002667720526315,1.0011737425324386e-11,64.0,1,20,,,0.25000000000000017,0,0,0
BenignDiverse,3,radarNode,5,0.05,0.0004992727756842104,8.574894669189513e-12,64.0,1,20,,,0.25000000000000017,0,0,0
BenignDiverse,3,radarNode,6,0.06,0.0005001409683157896,1.038290866571525e-11,64.0,1,20,,,0.25000000000000033,0,0,0
BenignDiverse,3,radarNode,7,0.07,0.0004999167827894737,6.967133234718427e-12,64.0,1,20,,,0.25000000000000033,0,0,0
BenignDiverse,3,radarNode,8,0.08,0.0004995630217368422,8.441326062937325e-12,64.0,1,20,,,0.25000000000000033,0,0,0
BenignDiverse,3,radarNode,9,0.09,0.0005004657451578949,1.0599585719548027e-11,64.0,1,20,,,0.25000000000000033,0,0,0
BenignDiverse,3,radarNode,10,0.1,0.0005005270895789472,6.296902066560844e-12,64.0,1,20,,,0.24999999999999895,0,0,0
BenignDiverse,3,radarNode,11,0.11,0.0004999222506315789,6.649854800639195e-12,64.0,1,20,,,0.25000000000000033,0,0,0
BenignDiverse,3,radarNode,12,0.12,0.0004997542070000004,1.003357999599599e-11,64.0,1,20,,,0.24999999999998612,0,0,0
BenignDiverse,3,radarNode,13,0.13,0.0005000227828421061,1.2004488001860793e-11,64.0,1,20,,,0.24999999999997224,0,0,0
BenignDiverse,3,radarNode,14,0.14,0.0005003039005789464,7.552671689228688e-12,64.0,1,20,,,0.250000000000025,0,0,0
BenignDiverse,3,zonalHost,0,0.0,0.0004996626134000001,7.844016623602727e-12,20.0,1,21,3.0304036041666658,7.886801143948109,0.2500000000000001,2.0,0,0
BenignDiverse,3,zonalHost,1,0.01,0.0005000897275555555,1.4105537199481984e-11,20.0,1,19,,,0.24999999999999986,0,0,0
BenignDiverse,3,zonalHost,2,0.02,0.0005002948926842105,6.128971356092585e-12,20.0,1,20,,,0.2500000000000003,0,0,0
BenignDiverse,3,zonalHost,3,0.03,0.0005004617595789474,6.7673794438026836e-12,20.0,1,20,,,0.25000000000000017,0,0,0
BenignDiverse,3,zonalHost,4,0.04,0.0005006041533684209,6.94106063500355e-12,20.0,1,20,,,0.25000000000000017,0,0,0
BenignDiverse,3,zonalHost,5,0.05,0.0004996023596842104,1.0609461196777103e-11,20.0,1,20,,,0.25000000000000017,0,0,0
BenignDiverse,3,zonalHost,6,0.06,0.0005004095532105263,1.061444977375357e-11,20.0,1,20,,,0.25000000000000033,0,0,0
BenignDiverse,3,zonalHost,7,0.07,0.0005000064002631583,8.23577976823743e-12,20.0,1,20,,,0.25000000000000033,0,0,0
BenignDiverse,3,zonalHost,8,0.08,0.0005002759154736841,1.0204217859541011e-11,20.0,1,20,,,0.25000000000000033,0,0,0
BenignDiverse,3,zonalHost,9,0.09,0.0004997221809473689,1.1565392582570862e-11,20.0,1,20,,,0.25000000000000033,0,0,0
BenignDiverse,3,zonalHost,10,0.1,0.0005009738815263157,7.285333881231468e-12,20.0,1,20,,,0.24999999999999895,0,0,0
BenignDiverse,3,zonalHost,11,0.11,0.0004991008147368417,6.7834954369770855e-12,20.0,1,20,,,0.25000000000000033,0,0,0
BenignDiverse,3,zonalHost,12,0.12,0.0004998123661052638,1.0217669569213858e-11,20.0,1,20,,,0.24999999999998612,0,0,0
BenignDiverse,3,zonalHost,13,0.13,0.0005003338726842104,6.60918109092321e-12,20.0,1,20,,,0.24999999999997224,0,0,0
BenignDiverse,3,zonalHost,14,0.14,0.0005008120355789472,6.094417769738692e-12,20.0,1,20,,,0.250000000000025,0,0,0
BenignDiverse,3,attackNode,0,0.0,,,,0,0,2.338226479166666,6.20250473346547,0.2500000000000001,3.0,0,0
BenignDiverse,3,attackNode,1,0.01,,,,0,0,,,0.24999999999999986,0,0,0
BenignDiverse,3,attackNode,2,0.02,,,,0,0,,,0.2500000000000003,0,0,0
BenignDiverse,3,attackNode,3,0.03,,,,0,0,,,0.25000000000000017,0,0,0
BenignDiverse,3,attackNode,4,0.04,,,,0,0,,,0.25000000000000017,0,0,0
BenignDiverse,3,attackNode,5,0.05,,,,0,0,,,0.25000000000000017,0,0,0
BenignDiverse,3,attackNode,6,0.06,,,,0,0,,,0.25000000000000033,0,0,0
BenignDiverse,3,attackNode,7,0.07,,,,0,0,,,0.25000000000000033,0,0,0
BenignDiverse,3,attackNode,8,0.08,,,,0,0,,,0.25000000000000033,0,0,0
BenignDiverse,3,attackNode,9,0.09,,,,0,0,,,0.25000000000000033,0,0,0
BenignDiverse,3,attackNode,10,0.1,,,,0,0,,,0.24999999999999895,0,0,0
BenignDiverse,3,attackNode,11,0.11,,,,0,0,,,0.25000000000000033,0,0,0
BenignDiverse,3,attackNode,12,0.12,,,,0,0,,,0.24999999999998612,0,0,0
BenignDiverse,3,attackNode,13,0.13,,,,0,0,,,0.24999999999997224,0,0,0
BenignDiverse,3,attackNode,14,0.14,,,,0,0,,,0.250000000000025,0,0,0
BenignDiverse,4,av1,0,0.0,9.010495238532111e-05,1.3818367720757583e-12,500.0,1,110,3.4633781249999993,9.7420204657295,0.2500000000000001,2.0,0,0
BenignDiverse,4,av1,1,0.01,8.997082694545454e-05,1.3893378758266259e-12,500.0,1,111,,,0.24999999999999986,0,0,0
BenignDiverse,4,av1,2,0.02,9.00815626272727e-05,1.1290664593769539e-12,500.0,1,111,,,0.2500000000000003,0,0,0
BenignDiverse,4,av1,3,0.03,9.009734064545455e-05,1.250816537887783e-12,500.0,1,111,,,0.25000000000000017,0,0,0
BenignDiverse,4,av1,4,0.04,8.98755332342342e-05,1.5762341629681283e-12,500.0,1,112,,,0.25000000000000017,0,0,0
BenignDiverse,4,av1,5,0.05,8.99528170181818e-05,1.1832445802594566e-12,500.0,1,111,,,0.25000000000000017,0,0,0
BenignDiverse,4,av1,6,0.06,9.018287285454554e-05,1.3705397790140474e-12,500.0,1,111,,,0.25000000000000033,0,0,0
BenignDiverse,4,av1,7,0.07,9.004579851818184e-05,1.368696225338892e-12,500.0,1,111,,,0.25000000000000033,0,0,0
BenignDiverse,4,av1,8,0.08,9.016903549090912e-05,1.40777678332034e-12,500.0,1,111,,,0.25000000000000033,0,0,0
BenignDiverse,4,av1,9,0.09,9.002914326363636e-05,1.4541493799376227e-12,500.0,1,111,,,0.25000000000000033,0,0,0
BenignDiverse,4,av1,10,0.1,8.996760482727275e-05,1.404980312546452e-12,500.0,1,111,,,0.24999999999999895,0,0,0
BenignDiverse,4,av1,11,0.11,8.98552932818182e-05,1.3548102403660735e-12,500.0,1,111,,,0.25000000000000033,0,0,0
BenignDiverse,4,av1,12,0.12,8.995779610000004e-05,1.3500365014229223e-12,500.0,1,111,,,0.24999999999998612,0,0,0
BenignDiverse,4,av1,13,0.13,8.990798093693696e-05,1.3813181326511266e-12,500.0,1,112,,,0.24999999999997224,0,0,0
BenignDiverse,4,av1,14,0.14,8.995293649999998e-05,1.429454955255584e-12,500.0,1,111,,,0.250000000000025,0,0,0
BenignDiverse,4,av2,0,0.0,8.98946531559633e-05,1.4942789673795414e-12,500.0,1,110,3.5154160624999995,11.337552651276901,0.2500000000000001,3.0,0,0
BenignDiverse,4,av2,1,0.01,9.005900365454547e-05,1.4107011238613052e-12,500.0,1,111,,,0.24999999999999986,0,0,0
BenignDiverse,4,av2,2,0.02,9.004031446363635e-05,1.3825969818072924e-12,500.0,1,111,,,0.2500000000000003,0,0,0
BenignDiverse,4,av2,3,0.03,9.000323260909088e-05,1.563746563701429e-12,500.0,1,111,,,0.25000000000000017,0,0,0
BenignDiverse,4,av2,4,0.04,8.991354997297297e-05,1.4303178866402674e-12,500.0,1,112,,,0.25000000000000017,0,0,0
BenignDiverse,4,av2,5,0.05,9.006044230909089e-05,1.3794659410867067e-12,500.0,1,111,,,0.25000000000000017,0,0,0
BenignDiverse,4,av2,6,0.06,9.001265661818184e-05,1.1610762666889515e-12,500.0,1,111,,,0.25000000000000033,0,0,0
BenignDiverse,4,av2,7,0.07,8.991437950909085e-05,1.260417857633951e-12,500.0,1,111,,,0.25000000000000033,0,0,0
BenignDiverse,4,av2,8,0.08,9.011436907272728e-05,1.3391001977655957e-12,500.0,1,111,,,0.25000000000000033,0,0,0
BenignDiverse,4,av2,9,0.09,8.999834140909087e-05,1.4304423085011341e-12,500.0,1,111,,,0.25000000000000033,0,0,0
BenignDiverse,4,av2,10,0.1,8.989777346363634e-05,1.3385079005344723e-12,500.0,1,111,,,0.24999999999999895,0,0,0
BenignDiverse,4,av2,11,0.11,9.001148380909084e-05,1.0995327928139668e-12,500.0,1,111,,,0.25000000000000033,0,0,0
BenignDiverse,4,av2,12,0.12,8.998349912727277e-05,1.078641481488271e-12,500.0,1,111,,,0.24999999999998612,0,0,0
BenignDiverse,4,av2,13,0.13,9.000988873636353e-05,1.4398975457446761e-12,500.0,1,111,,,0.24999999999997224,0,0,0
BenignDiverse,4,av2,14,0.14,8.996340748648645e-05,1.4523557771587494e-12,500.0,1,112,,,0.250000000000025,0,0,0
BenignDiverse,4,radarNode,0,0.0,0.0004996791584736842,7.202807424564962e-12,64.0,1,20,3.206397791666667,8.938980164645285,0.2500000000000001,2.0,0,0
BenignDiverse,4,radarNode,1,0.01,0.0004991994525789474,8.680206789175678e-12,64.0,1,20,,,0.24999999999999986,0,0,0
BenignDiverse,4,radarNode,2,0.02,0.0005001681974736842,1.0141760498646325e-11,64.0,1,20,,,0.2500000000000003,0,0,0
BenignDiverse,4,radarNode,3,0.03,0.000500409641894737,1.2227503448687978e-11,64.0,1,20,,,0.25000000000000017,0,0,0
BenignDiverse,4,radarNode,4,0.04,0.0005007870207368424,1.1457033511384778e-11,64.0,1,20,,,0.25000000000000017,0,0,0
BenignDiverse,4,radarNode,5,0.05,0.0005003849426842102,9.761985483303898e-12,64.0,1,20,,,0.25000000000000017,0,0,0
BenignDiverse,4,radarNode,6,0.06,0.0004999843225263157,6.550201690188137e-12,64.0,1,20,,,0.25000000000000033,0,0,0
BenignDiverse,4,radarNode,7,0.07,0.0004995981827368427,7.786720016753047e-12,64.0,1,20,,,0.25000000000000033,0,0,0
BenignDiverse,4,radarNode,8,0.08,0.0005002999610000004,1.0526895434519899e-11,64.0,1,20,,,0.25000000000000033,0,0,0
BenignDiverse,4,radarNode,9,0.09,0.0004999002158947368,9.49879057286013e-12,64.0,1,20,,,0.25000000000000033,0,0,0
BenignDiverse,4,radarNode,10,0.1,0.0005008645064210527,8.80317341143177e-12,64.0,1,20,,,0.24999999999999895,0,0,0
BenignDiverse,4,radarNode,11,0.11,0.0005000852345263161,7.943945140957494e-12,64.0,1,20,,,0.25000000000000033,0,0,0
BenignDiverse,4,radarNode,12,0.12,0.0005001001364210517,9.054474343888709e-12,64.0,1,20,,,0.24999999999998612,0,0,0
BenignDiverse,4,radarNode,13,0.13,0.0004998310622631583,7.257087974425932e-12,64.0,1,20,,,0.24999999999997224,0,0,0
BenignDiverse,4,radarNode,14,0.14,0.0004995034039999992,7.996635147196746e-12,64.0,1,20,,,0.250000000000025,0,0,0
BenignDiverse,4,zonalHost,0,0.0,0.00049983641015,1.3440873499753338e-11,20.0,1,21,3.158711583333333,8.309454981041467,0.2500000000000001,2.0,0,0
BenignDiverse,4,zonalHost,1,0.01,0.0004999559770526317,6.270765476879464e-12,20.0,1,20,,,0.24999999999999986,0,0,0
BenignDiverse,4,zonalHost,2,0.02,0.0005007217497777777,8.558575506973941e-12,20.0,1,19,,,0.2500000000000003,0,0,0
BenignDiverse,4,zonalHost,3,0.03,0.0005011166543157893,8.273709927585522e-12,20.0,1,20,,,0.25000000000000017,0,0,0
BenignDiverse,4,zonalHost,4,0.04,0.0004987228997,8.962942190803846e-12,20.0,1,21,,,0.25000000000000017,0,0,0
BenignDiverse,4,zonalHost,5,0.05,0.0004996676674210526,9.765802759664201e-12,20.0,1,20,,,0.25000000000000017,0,0,0
BenignDiverse,4,zonalHost,6,0.06,0.0005004326962777778,1.1124350460769863e-11,20.0,1,19,,,0.25000000000000033,0,0,0
BenignDiverse,4,zonalHost,7,0.07,0.0004998099862105257,9.764201570290997e-12,20.0,1,20,,,0.25000000000000033,0,0,0
BenignDiverse,4,zonalHost,8,0.08,0.0005007240763157899,9.834339193274471e-12,20.0,1,20,,,0.25000000000000033,0,0,0
BenignDiverse,4,zonalHost,9,0.09,0.0004984538232500002,7.945666853314177e-12,20.0,1,21,,,0.25000000000000033,0,0,0
BenignDiverse,4,zonalHost,10,0.1,0.0004993298297894733,6.2501974722967474e-12,20.0,1,20,,,0.24999999999999895,0,0,0
BenignDiverse,4,zonalHost,11,0.11,0.0004996870551578945,7.836482975269335e-12,20.0,1,20,,,0.25000000000000033,0,0,0
BenignDiverse,4,zonalHost,12,0.12,0.000499239780421053,9.86005042651462e-12,20.0,1,20,,,0.24999999999998612,0,0,0
BenignDiverse,4,zonalHost,13,0.13,0.0004996958423157906,8.371635613318202e-12,20.0,1,20,,,0.24999999999997224,0,0,0
BenignDiverse,4,zonalHost,14,0.14,0.0005005018766842103,7.697396406967117e-12,20.0,1,20,,,0.250000000000025,0,0,0
BenignDiverse,4,attackNode,0,0.0,,,,0,0,2.4720827291666665,6.866936429422089,0.2500000000000001,3.0,0,0
BenignDiverse,4,attackNode,1,0.01,,,,0,0,,,0.24999999999999986,0,0,0
BenignDiverse,4,attackNode,2,0.02,,,,0,0,,,0.2500000000000003,0,0,0
BenignDiverse,4,attackNode,3,0.03,,,,0,0,,,0.25000000000000017,0,0,0
BenignDiverse,4,attackNode,4,0.04,,,,0,0,,,0.25000000000000017,0,0,0
BenignDiverse,4,attackNode,5,0.05,,,,0,0,,,0.25000000000000017,0,0,0
BenignDiverse,4,attackNode,6,0.06,,,,0,0,,,0.25000000000000033,0,0,0
BenignDiverse,4,attackNode,7,0.07,,,,0,0,,,0.25000000000000033,0,0,0
BenignDiverse,4,attackNode,8,0.08,,,,0,0,,,0.25000000000000033,0,0,0
BenignDiverse,4,attackNode,9,0.09,,,,0,0,,,0.25000000000000033,0,0,0
BenignDiverse,4,attackNode,10,0.1,,,,0,0,,,0.24999999999999895,0,0,0
BenignDiverse,4,attackNode,11,0.11,,,,0,0,,,0.25000000000000033,0,0,0
BenignDiverse,4,attackNode,12,0.12,,,,0,0,,,0.24999999999998612,0,0,0
BenignDiverse,4,attackNode,13,0.13,,,,0,0,,,0.24999999999997224,0,0,0
BenignDiverse,4,attackNode,14,0.14,,,,0,0,,,0.250000000000025,0,0,0
BenignDiverse,5,av1,0,0.0,8.995224018181818e-05,1.5006748624887528e-12,500.0,1,111,2.9727448333333335,8.122523340240505,0.2500000000000001,2.0,0,0
BenignDiverse,5,av1,1,0.01,9.014246850909093e-05,1.3120859536210653e-12,500.0,1,111,,,0.24999999999999986,0,0,0
BenignDiverse,5,av1,2,0.02,9.01146196880734e-05,1.3628327294832827e-12,500.0,1,110,,,0.2500000000000003,0,0,0
BenignDiverse,5,av1,3,0.03,9.005732576576574e-05,1.3829450414351193e-12,500.0,1,112,,,0.25000000000000017,0,0,0
BenignDiverse,5,av1,4,0.04,9.002842260909092e-05,1.4461746367693046e-12,500.0,1,111,,,0.25000000000000017,0,0,0
BenignDiverse,5,av1,5,0.05,8.978866127272728e-05,1.2293338759619145e-12,500.0,1,111,,,0.25000000000000017,0,0,0
BenignDiverse,5,av1,6,0.06,9.016580137272728e-05,1.3038520301423027e-12,500.0,1,111,,,0.25000000000000033,0,0,0
BenignDiverse,5,av1,7,0.07,9.003493799090913e-05,1.122065966737793e-12,500.0,1,111,,,0.25000000000000033,0,0,0
BenignDiverse,5,av1,8,0.08,8.989627131818173e-05,1.3724351496870834e-12,500.0,1,111,,,0.25000000000000033,0,0,0
BenignDiverse,5,av1,9,0.09,9.007369949090911e-05,1.4118313004209075e-12,500.0,1,111,,,0.25000000000000033,0,0,0
BenignDiverse,5,av1,10,0.1,9.019532240909095e-05,1.1763947717276393e-12,500.0,1,111,,,0.24999999999999895,0,0,0
BenignDiverse,5,av1,11,0.11,9.001914293636365e-05,1.6477415395898121e-12,500.0,1,111,,,0.25000000000000033,0,0,0
BenignDiverse,5,av1,12,0.12,9.009968710909075e-05,1.316281778911864e-12,500.0,1,111,,,0.24999999999998612,0,0,0
BenignDiverse,5,av1,13,0.13,9.01690543454547e-05,1.2046592330667528e-12,500.0,1,111,,,0.24999999999997224,0,0,0
BenignDiverse,5,av1,14,0.14,8.993943564545455e-05,1.5144301059571727e-12,500.0,1,111,,,0.250000000000025,0,0,0
BenignDiverse,5,av2,0,0.0,9.019729075229357e-05,1.4673621040206967e-12,500.0,1,110,3.397912354166666,10.48549442998397,0.2500000000000001,3.0,0,0
BenignDiverse,5,av2,1,0.01,8.991242310000001e-05,1.4005775575665523e-12,500.0,1,111,,,0.24999999999999986,0,0,0
BenignDiverse,5,av2,2,0.02,8.995603343636365e-05,1.3022633734457582e-12,500.0,1,111,,,0.2500000000000003,0,0,0
BenignDiverse,5,av2,3,0.03,8.990259819090909e-05,1.486999110631273e-12,500.0,1,111,,,0.25000000000000017,0,0,0
BenignDiverse,5,av2,4,0.04,8.993843254054061e-05,1.4642615086529899e-12,500.0,1,112,,,0.25000000000000017,0,0,0
BenignDiverse,5,av2,5,0.05,8.994917040909097e-05,1.2142450752368436e-12,500.0,1,111,,,0.25000000000000017,0,0,0
BenignDiverse,5,av2,6,0.06,8.99681016e-05,1.396376295342783e-12,500.0,1,111,,,0.25000000000000033,0,0,0
BenignDiverse,5,av2,7,0.07,8.987926890909086e-05,1.3238423794992976e-12,500.0,1,111,,,0.25000000000000033,0,0,0
BenignDiverse,5,av2,8,0.08,9.018854512727275e-05,1.3400334705307297e-12,500.0,1,111,,,0.25000000000000033,0,0,0
BenignDiverse,5,av2,9,0.09,8.999504373636355e-05,1.3035172743401166e-12,500.0,1,111,,,0.25000000000000033,0,0,0
BenignDiverse,5,av2,10,0.1,9.006326607272731e-05,1.3658005561394248e-12,500.0,1,111,,,0.24999999999999895,0,0,0
BenignDiverse,5,av2,11,0.11,9.014572080000005e-05,1.4232619010168988e-12,500.0,1,111,,,0.25000000000000033,0,0,0
BenignDiverse,5,av2,12,0.12,9.009380501818184e-05,1.0727247006518516e-12,500.0,1,111,,,0.24999999999998612,0,0,0
BenignDiverse,5,av2,13,0.13,9.011722936363632e-05,1.3029944447124107e-12,500.0,1,111,,,0.24999999999997224,0,0,0
BenignDiverse,5,av2,14,0.14,8.970767778378373e-05,1.446665689553194e-12,500.0,1,112,,,0.250000000000025,0,0,0
BenignDiverse,5,radarNode,0,0.0,0.0005005437991578947,7.855070398107038e-12,64.0,1,20,3.333837229166666,9.316289996033749,0.2500000000000001,2.0,0,0
BenignDiverse,5,radarNode,1,0.01,0.0005001159877894737,9.586326906077652e-12,64.0,1,20,,,0.24999999999999986,0,0,0
BenignDiverse,5,radarNode,2,0.02,0.0005001025419473685,7.851785717110817e-12,64.0,1,20,,,0.2500000000000003,0,0,0
BenignDiverse,5,radarNode,3,0.03,0.0005001287069473684,1.0876813409402453e-11,64.0,1,20,,,0.25000000000000017,0,0,0
BenignDiverse,5,radarNode,4,0.04,0.0004998585117368422,9.672976119838117e-12,64.0,1,20,,,0.25000000000000017,0,0,0
BenignDiverse,5,radarNode,5,0.05,0.0005001481381578948,9.141824747352743e-12,64.0,1,20,,,0.25000000000000017,0,0,0
BenignDiverse,5,radarNode,6,0.06,0.000499520606842105,9.478930232826652e-12,64.0,1,20,,,0.25000000000000033,0,0,0
BenignDiverse,5,radarNode,7,0.07,0.0005006110821578947,1.085497396829284e-11,64.0,1,20,,,0.25000000000000033,0,0,0
BenignDiverse,5,radarNode,8,0.08,0.0004989271683157895,4.144292862296331e-12,64.0,1,20,,,0.25000000000000033,0,0,0
BenignDiverse,5,radarNode,9,0.09,0.0005001044913684208,6.0039340847237656e-12,64.0,1,20,,,0.25000000000000033,0,0,0
BenignDiverse,5,radarNode,10,0.1,0.0005011397940526312,6.2601466682492605e-12,64.0,1,20,,,0.24999999999999895,0,0,0
BenignDiverse,5,radarNode,11,0.11,0.0004998122250526316,8.62184646153884e-12,64.0,1,20,,,0.25000000000000033,0,0,0
BenignDiverse,5,radarNode,12,0.12,0.0005007571358421051,7.498136215530654e-12,64.0,1,20,,,0.24999999999998612,0,0,0
BenignDiverse,5,radarNode,13,0.13,0.0005001275384210527,5.9552600213763595e-12,64.0,1,20,,,0.24999999999997224,0,0,0
BenignDiverse,5,radarNode,14,0.14,0.0005002115124736852,8.976717376861111e-12,64.0,1,20,,,0.250000000000025,0,0,0
BenignDiverse,5,zonalHost,0,0.0,0.0004993455008,6.025099091629661e-12,20.0,1,21,3.0453518749999993,7.919935995130681,0.2500000000000001,2.0,0,0
BenignDiverse,5,zonalHost,1,0.01,0.0005008858055555556,8.399724784798877e-12,20.0,1,19,,,0.24999999999999986,0,0,0
BenignDiverse,5,zonalHost,2,0.02,0.0004988946999499999,7.678547359923519e-12,20.0,1,21,,,0.2500000000000003,0,0,0
BenignDiverse,5,zonalHost,3,0.03,0.000500710185888889,7.484254228047917e-12,20.0,1,19,,,0.25000000000000017,0,0,0
BenignDiverse,5,zonalHost,4,0.04,0.0004988345757999998,7.956791851591263e-12,20.0,1,21,,,0.25000000000000017,0,0,0
BenignDiverse,5,zonalHost,5,0.05,0.0005001395713157896,1.0034202870734947e-11,20.0,1,20,,,0.25000000000000017,0,0,0
BenignDiverse,5,zonalHost,6,0.06,0.0005007507419444446,1.1548102545185914e-11,20.0,1,19,,,0.25000000000000033,0,0,0
BenignDiverse,5,zonalHost,7,0.07,0.0004995921887500004,6.403737673249782e-12,20.0,1,21,,,0.25000000000000033,0,0,0
BenignDiverse,5,zonalHost,8,0.08,0.0005008585972222229,1.0855023435014008e-11,20.0,1,19,,,0.25000000000000033,0,0,0
BenignDiverse,5,zonalHost,9,0.09,0.0005008742112631574,7.320779820840726e-12,20.0,1,20,,,0.25000000000000033,0,0,0
BenignDiverse,5,zonalHost,10,0.1,0.0005004492202105261,9.663481908087463e-12,20.0,1,20,,,0.24999999999999895,0,0,0
BenignDiverse,5,zonalHost,11,0.11,0.0005001283485263163,6.760173301577909e-12,20.0,1,20,,,0.25000000000000033,0,0,0
BenignDiverse,5,zonalHost,12,0.12,0.0005009629960526317,7.391784063389531e-12,20.0,1,20,,,0.24999999999998612,0,0,0
BenignDiverse,5,zonalHost,13,0.13,0.0004999867606315787,9.535861501531668e-12,20.0,1,20,,,0.24999999999997224,0,0,0
BenignDiverse,5,zonalHost,14,0.14,0.0004988567459999994,8.441195209271601e-12,20.0,1,20,,,0.250000000000025,0,0,0
BenignDiverse,5,attackNode,0,0.0,,,,0,0,2.3545790208333335,6.2546013476336455,0.2500000000000001,3.0,0,0
BenignDiverse,5,attackNode,1,0.01,,,,0,0,,,0.24999999999999986,0,0,0
BenignDiverse,5,attackNode,2,0.02,,,,0,0,,,0.2500000000000003,0,0,0
BenignDiverse,5,attackNode,3,0.03,,,,0,0,,,0.25000000000000017,0,0,0
BenignDiverse,5,attackNode,4,0.04,,,,0,0,,,0.25000000000000017,0,0,0
BenignDiverse,5,attackNode,5,0.05,,,,0,0,,,0.25000000000000017,0,0,0
BenignDiverse,5,attackNode,6,0.06,,,,0,0,,,0.25000000000000033,0,0,0
BenignDiverse,5,attackNode,7,0.07,,,,0,0,,,0.25000000000000033,0,0,0
BenignDiverse,5,attackNode,8,0.08,,,,0,0,,,0.25000000000000033,0,0,0
BenignDiverse,5,attackNode,9,0.09,,,,0,0,,,0.25000000000000033,0,0,0
BenignDiverse,5,attackNode,10,0.1,,,,0,0,,,0.24999999999999895,0,0,0
BenignDiverse,5,attackNode,11,0.11,,,,0,0,,,0.25000000000000033,0,0,0
BenignDiverse,5,attackNode,12,0.12,,,,0,0,,,0.24999999999998612,0,0,0
BenignDiverse,5,attackNode,13,0.13,,,,0,0,,,0.24999999999997224,0,0,0
BenignDiverse,5,attackNode,14,0.14,,,,0,0,,,0.250000000000025,0,0,0
BenignDiverse,6,av1,0,0.0,8.992380858181819e-05,1.2355940160945088e-12,500.0,1,111,3.5042927500000003,9.81767963791067,0.2500000000000001,2.0,0,0
BenignDiverse,6,av1,1,0.01,8.996802320909093e-05,1.5093680132875544e-12,500.0,1,111,,,0.24999999999999986,0,0,0
BenignDiverse,6,av1,2,0.02,9.015270913636364e-05,1.5656753015007712e-12,500.0,1,111,,,0.2500000000000003,0,0,0
BenignDiverse,6,av1,3,0.03,8.988632878181816e-05,1.2350488077060842e-12,500.0,1,111,,,0.25000000000000017,0,0,0
BenignDiverse,6,av1,4,0.04,9.00588603454546e-05,1.3587940040975266e-12,500.0,1,111,,,0.25000000000000017,0,0,0
BenignDiverse,6,av1,5,0.05,9.024147019090912e-05,1.279004163785315e-12,500.0,1,111,,,0.25000000000000017,0,0,0
BenignDiverse,6,av1,6,0.06,8.99219949636363e-05,1.5011271178790942e-12,500.0,1,111,,,0.25000000000000033,0,0,0
BenignDiverse,6,av1,7,0.07,9.02303807454546e-05,1.1679660236918812e-12,500.0,1,111,,,0.25000000000000033,0,0,0
BenignDiverse,6,av1,8,0.08,9.017260899090907e-05,1.3277377335914592e-12,500.0,1,111,,,0.25000000000000033,0,0,0
BenignDiverse,6,av1,9,0.09,8.999466021818182e-05,1.4287924993034883e-12,500.0,1,111,,,0.25000000000000033,0,0,0
BenignDiverse,6,av1,10,0.1,9.007060277272724e-05,1.5164726884180645e-12,500.0,1,111,,,0.24999999999999895,0,0,0
BenignDiverse,6,av1,11,0.11,8.993429930909087e-05,1.4575792630472496e-12,500.0,1,111,,,0.25000000000000033,0,0,0
BenignDiverse,6,av1,12,0.12,9.028756846363627e-05,1.0384346719613235e-12,500.0,1,111,,,0.24999999999998612,0,0,0
BenignDiverse,6,av1,13,0.13,9.02017805090908e-05,1.1825278267266593e-12,500.0,1,111,,,0.24999999999997224,0,0,0
BenignDiverse,6,av1,14,0.14,8.998387345454535e-05,1.2565162018471991e-12,500.0,1,111,,,0.250000000000025,0,0,0
BenignDiverse,6,av2,0,0.0,9.018676462385321e-05,1.1422281261270857e-12,500.0,1,110,3.5656018958333333,11.439113380856856,0.2500000000000001,3.0,0,0
BenignDiverse,6,av2,1,0.01,9.002079818181819e-05,1.1076592583311357e-12,500.0,1,111,,,0.24999999999999986,0,0,0
BenignDiverse,6,av2,2,0.02,8.985892530909091e-05,1.2560086707967306e-12,500.0,1,111,,,0.2500000000000003,0,0,0
BenignDiverse,6,av2,3,0.03,9.003353895454545e-05,1.575699878905722e-12,500.0,1,111,,,0.25000000000000017,0,0,0
BenignDiverse,6,av2,4,0.04,8.995397001818181e-05,1.4178601369375296e-12,500.0,1,111,,,0.25000000000000017,0,0,0
BenignDiverse,6,av2,5,0.05,9.001446736363637e-05,1.2767509302250605e-12,500.0,1,111,,,0.25000000000000017,0,0,0
BenignDiverse,6,av2,6,0.06,8.992104048648654e-05,1.5172663228393828e-12,500.0,1,112,,,0.25000000000000033,0,0,0
BenignDiverse,6,av2,7,0.07,8.989125184545462e-05,1.359841387005633e-12,500.0,1,111,,,0.25000000000000033,0,0,0
BenignDiverse,6,av2,8,0.08,9.010029623636363e-05,1.330835883640527e-12,500.0,1,111,,,0.25000000000000033,0,0,0
BenignDiverse,6,av2,9,0.09,9.010959513636364e-05,1.3531193596481384e-12,500.0,1,111,,,0.25000000000000033,0,0,0
BenignDiverse,6,av2,10,0.1,9.001350031818186e-05,1.3087176585335702e-12,500.0,1,111,,,0.24999999999999895,0,0,0
BenignDiverse,6,av2,11,0.11,9.00268174272727e-05,1.4436060654161203e-12,500.0,1,111,,,0.25000000000000033,0,0,0
BenignDiverse,6,av2,12,0.12,9.009485697272715e-05,1.2871221801435487e-12,500.0,1,111,,,0.24999999999998612,0,0,0
BenignDiverse,6,av2,13,0.13,9.009261753636366e-05,1.3923329475946311e-12,500.0,1,111,,,0.24999999999997224,0,0,0
BenignDiverse,6,av2,14,0.14,9.007112289999992e-05,1.4757024894443426e-12,500.0,1,111,,,0.250000000000025,0,0,0
BenignDiverse,6,radarNode,0,0.0,0.0004999546640526315,8.866300120656948e-12,64.0,1,20,3.2355338750000002,9.00921005346811,0.2500000000000001,2.0,0,0
BenignDiverse,6,radarNode,1,0.01,0.000499776741368421,8.87995335346062e-12,64.0,1,20,,,0.24999999999999986,0,0,0
BenignDiverse,6,radarNode,2,0.02,0.0004999832717368422,9.560399634772657e-12,64.0,1,20,,,0.2500000000000003,0,0,0
BenignDiverse,6,radarNode,3,0.03,0.0005001168007368424,8.987431706600255e-12,64.0,1,20,,,0.25000000000000017,0,0,0
BenignDiverse,6,radarNode,4,0.04,0.0005005485596315788,7.060967939293712e-12,64.0,1,20,,,0.25000000000000017,0,0,0
BenignDiverse,6,radarNode,5,0.05,0.0005001519709473684,7.72784338954697e-12,64.0,1,20,,,0.25000000000000017,0,0,0
BenignDiverse,6,radarNode,6,0.06,0.0005002001543684208,9.276044633941384e-12,64.0,1,20,,,0.25000000000000033,0,0,0
BenignDiverse,6,radarNode,7,0.07,0.0005002305492105264,1.027602712931636e-11,64.0,1,20,,,0.25000000000000033,0,0,0
BenignDiverse,6,radarNode,8,0.08,0.0004999825322631572,5.583807946401971e-12,64.0,1,20,,,0.25000000000000033,0,0,0
BenignDiverse,6,radarNode,9,0.09,0.0004991467838421053,6.7256740080399704e-12,64.0,1,20,,,0.25000000000000033,0,0,0
BenignDiverse,6,radarNode,10,0.1,0.0004989116526315792,7.0896708297594645e-12,64.0,1,20,,,0.24999999999999895,0,0,0
BenignDiverse,6,radarNode,11,0.11,0.0004997906502105264,9.50857747795358e-12,64.0,1,20,,,0.25000000000000033,0,0,0
BenignDiverse,6,radarNode,12,0.12,0.0004997169976315785,8.362410621092551e-12,64.0,1,20,,,0.24999999999998612,0,0,0
BenignDiverse,6,radarNode,13,0.13,0.0005007928374210534,9.140767364035131e-12,64.0,1,20,,,0.24999999999997224,0,0,0
BenignDiverse,6,radarNode,14,0.14,0.0005001243002631589,1.0402773773700705e-11,64.0,1,20,,,0.250000000000025,0,0,0
BenignDiverse,6,zonalHost,0,0.0,0.0004996714364,8.947931184105235e-12,20.0,1,21,3.200746166666667,8.394907697167971,0.2500000000000001,2.0,0,0
BenignDiverse,6,zonalHost,1,0.01,0.000499807414,8.634130055393713e-12,20.0,1,20,,,0.24999999999999986,0,0,0
BenignDiverse,6,zonalHost,2,0.02,0.0005007367773888888,7.600004833424413e-12,20.0,1,19,,,0.2500000000000003,0,0,0
BenignDiverse,6,zonalHost,3,0.03,0.0004994894092500001,9.807070607543567e-12,20.0,1,21,,,0.25000000000000017,0,0,0
BenignDiverse,6,zonalHost,4,0.04,0.000499800284526316,7.793400626038083e-12,20.0,1,20,,,0.25000000000000017,0,0,0
BenignDiverse,6,zonalHost,5,0.05,0.0005000208993684212,9.161040849168637e-12,20.0,1,20,,,0.25000000000000017,0,0,0
BenignDiverse,6,zonalHost,6,0.06,0.0004990704020526319,4.165337554869997e-12,20.0,1,20,,,0.25000000000000033,0,0,0
BenignDiverse,6,zonalHost,7,0.07,0.0005003670663684211,8.981388547397195e-12,20.0,1,20,,,0.25000000000000033,0,0,0
BenignDiverse,6,zonalHost,8,0.08,0.0004996392882105262,9.352896289669673e-12,20.0,1,20,,,0.25000000000000033,0,0,0
BenignDiverse,6,zonalHost,9,0.09,0.0004992135613157897,8.29808489200158e-12,20.0,1,20,,,0.25000000000000033,0,0,0
BenignDiverse,6,zonalHost,10,0.1,0.0004994464185263158,7.567061033784786e-12,20.0,1,20,,,0.24999999999999895,0,0,0
BenignDiverse,6,zonalHost,11,0.11,0.0005009083802631574,9.80895553028406e-12,20.0,1,20,,,0.25000000000000033,0,0,0
BenignDiverse,6,zonalHost,12,0.12,0.0005001660504210526,1.1397647711570198e-11,20.0,1,20,,,0.24999999999998612,0,0,0
BenignDiverse,6,zonalHost,13,0.13,0.0004999764449473684,6.318868368742836e-12,20.0,1,20,,,0.24999999999997224,0,0,0
BenignDiverse,6,zonalHost,14,0.14,0.0004998994106842113,5.516098183874469e-12,20.0,1,20,,,0.250000000000025,0,0,0
BenignDiverse,6,attackNode,0,0.0,,,,0,0,2.5222685625000003,6.998276957812859,0.2500000000000001,3.0,0,0
BenignDiverse,6,attackNode,1,0.01,,,,0,0,,,0.24999999999999986,0,0,0
BenignDiverse,6,attackNode,2,0.02,,,,0,0,,,0.2500000000000003,0,0,0
BenignDiverse,6,attackNode,3,0.03,,,,0,0,,,0.25000000000000017,0,0,0
BenignDiverse,6,attackNode,4,0.04,,,,0,0,,,0.25000000000000017,0,0,0
BenignDiverse,6,attackNode,5,0.05,,,,0,0,,,0.25000000000000017,0,0,0
BenignDiverse,6,attackNode,6,0.06,,,,0,0,,,0.25000000000000033,0,0,0
BenignDiverse,6,attackNode,7,0.07,,,,0,0,,,0.25000000000000033,0,0,0
BenignDiverse,6,attackNode,8,0.08,,,,0,0,,,0.25000000000000033,0,0,0
BenignDiverse,6,attackNode,9,0.09,,,,0,0,,,0.25000000000000033,0,0,0
BenignDiverse,6,attackNode,10,0.1,,,,0,0,,,0.24999999999999895,0,0,0
BenignDiverse,6,attackNode,11,0.11,,,,0,0,,,0.25000000000000033,0,0,0
BenignDiverse,6,attackNode,12,0.12,,,,0,0,,,0.24999999999998612,0,0,0
BenignDiverse,6,attackNode,13,0.13,,,,0,0,,,0.24999999999997224,0,0,0
BenignDiverse,6,attackNode,14,0.14,,,,0,0,,,0.250000000000025,0,0,0
BenignDiverse,7,av1,0,0.0,8.998906117272728e-05,1.1472290195432494e-12,500.0,1,111,2.995114,8.235612639336765,0.2500000000000001,2.0,0,0
BenignDiverse,7,av1,1,0.01,9.000249774545452e-05,1.4063492903112855e-12,500.0,1,111,,,0.24999999999999986,0,0,0
BenignDiverse,7,av1,2,0.02,8.996438986363638e-05,1.4694943010803297e-12,500.0,1,111,,,0.2500000000000003,0,0,0
BenignDiverse,7,av1,3,0.03,9.016874486363637e-05,1.515582828735328e-12,500.0,1,111,,,0.25000000000000017,0,0,0
BenignDiverse,7,av1,4,0.04,8.985878406363634e-05,1.4572566202541545e-12,500.0,1,111,,,0.25000000000000017,0,0,0
BenignDiverse,7,av1,5,0.05,9.002490148181821e-05,1.1551497531614498e-12,500.0,1,111,,,0.25000000000000017,0,0,0
BenignDiverse,7,av1,6,0.06,9.002578773636365e-05,1.2046460176073678e-12,500.0,1,111,,,0.25000000000000033,0,0,0
BenignDiverse,7,av1,7,0.07,8.986812160000004e-05,1.340710242753314e-12,500.0,1,111,,,0.25000000000000033,0,0,0
BenignDiverse,7,av1,8,0.08,8.976715227927938e-05,1.2971834500426112e-12,500.0,1,112,,,0.25000000000000033,0,0,0
BenignDiverse,7,av1,9,0.09,8.992041295454546e-05,1.2991493335810741e-12,500.0,1,111,,,0.25000000000000033,0,0,0
BenignDiverse,7,av1,10,0.1,9.00293810181817e-05,1.4289258411842958e-12,500.0,1,111,,,0.24999999999999895,0,0,0
BenignDiverse,7,av1,11,0.11,9.00752429090909e-05,1.3357724453847026e-12,500.0,1,111,,,0.25000000000000033,0,0,0
BenignDiverse,7,av1,12,0.12,9.025168021818168e-05,1.101629225968296e-12,500.0,1,111,,,0.24999999999998612,0,0,0
BenignDiverse,7,av1,13,0.13,8.978985840000004e-05,1.250251887279964e-12,500.0,1,111,,,0.24999999999997224,0,0,0
BenignDiverse,7,av1,14,0.14,8.997105529090903e-05,1.1394768176703482e-12,500.0,1,111,,,0.250000000000025,0,0,0
BenignDiverse,7,av2,0,0.0,9.001581250458715e-05,1.1210876573330101e-12,500.0,1,110,3.438492125,10.706315112053888,0.2500000000000001,3.0,0,0
BenignDiverse,7,av2,1,0.01,8.987593460909091e-05,1.3516154004378015e-12,500.0,1,111,,,0.24999999999999986,0,0,0
BenignDiverse,7,av2,2,0.02,9.013147394545452e-05,1.232758495575748e-12,500.0,1,111,,,0.2500000000000003,0,0,0
BenignDiverse,7,av2,3,0.03,8.991878229090908e-05,1.3698281554376612e-12,500.0,1,111,,,0.25000000000000017,0,0,0
BenignDiverse,7,av2,4,0.04,9.004514501818183e-05,1.4250910262748337e-12,500.0,1,111,,,0.25000000000000017,0,0,0
BenignDiverse,7,av2,5,0.05,8.994191450450451e-05,1.2318242485325504e-12,500.0,1,112,,,0.25000000000000017,0,0,0
BenignDiverse,7,av2,6,0.06,9.00736175454546e-05,1.0904524924219764e-12,500.0,1,111,,,0.25000000000000033,0,0,0
BenignDiverse,7,av2,7,0.07,9.008383415454546e-05,1.3158250513675148e-12,500.0,1,111,,,0.25000000000000033,0,0,0
BenignDiverse,7,av2,8,0.08,9.009769206363642e-05,1.394736671017075e-12,500.0,1,111,,,0.25000000000000033,0,0,0
BenignDiverse,7,av2,9,0.09,9.008895035454548e-05,1.5255325791572364e-12,500.0,1,111,,,0.25000000000000033,0,0,0
BenignDiverse,7,av2,10,0.1,8.993863604545446e-05,1.3686478282567817e-12,500.0,1,111,,,0.24999999999999895,0,0,0
BenignDiverse,7,av2,11,0.11,9.005597608181815e-05,1.5204058222556245e-12,500.0,1,111,,,0.25000000000000033,0,0,0
BenignDiverse,7,av2,12,0.12,8.994407881818191e-05,1.4284915140442274e-12,500.0,1,111,,,0.24999999999998612,0,0,0
BenignDiverse,7,av2,13,0.13,9.003788348181839e-05,1.306285816154035e-12,500.0,1,111,,,0.24999999999997224,0,0,0
BenignDiverse,7,av2,14,0.14,9.012853902727274e-05,1.3592202063365418e-12,500.0,1,111,,,0.250000000000025,0,0,0
BenignDiverse,7,radarNode,0,0.0,0.0004999975776842105,7.125036030679012e-12,64.0,1,20,3.3630653125,9.432164416504706,0.2500000000000001,2.0,0,0
BenignDiverse,7,radarNode,1,0.01,0.0004992459539999999,5.4573057843497286e-12,64.0,1,20,,,0.24999999999999986,0,0,0
BenignDiverse,7,radarNode,2,0.02,0.0005002431781578947,9.401724270788073e-12,64.0,1,20,,,0.2500000000000003,0,0,0
BenignDiverse,7,radarNode,3,0.03,0.000500964083736842,7.131129800999239e-12,64.0,1,20,,,0.25000000000000017,0,0,0
BenignDiverse,7,radarNode,4,0.04,0.0004989479317368419,6.049011629066937e-12,64.0,1,20,,,0.25000000000000017,0,0,0
BenignDiverse,7,radarNode,5,0.05,0.0004995199622105263,5.811360421156477e-12,64.0,1,20,,,0.25000000000000017,0,0,0
BenignDiverse,7,radarNode,6,0.06,0.000499789968947368,9.782719205301205e-12,64.0,1,20,,,0.25000000000000033,0,0,0
BenignDiverse,7,radarNode,7,0.07,0.0005006353269473683,9.703988913472413e-12,64.0,1,20,,,0.25000000000000033,0,0,0
BenignDiverse,7,radarNode,8,0.08,0.0005001047432631584,9.0235998041521e-12,64.0,1,20,,,0.25000000000000033,0,0,0
BenignDiverse,7,radarNode,9,0.09,0.0005009852285789472,6.6858203241755676e-12,64.0,1,20,,,0.25000000000000033,0,0,0
BenignDiverse,7,radarNode,10,0.1,0.0005001911126315787,8.023212798255255e-12,64.0,1,20,,,0.24999999999999895,0,0,0
BenignDiverse,7,radarNode,11,0.11,0.000499778459,6.77213194534421e-12,64.0,1,20,,,0.25000000000000033,0,0,0
BenignDiverse,7,radarNode,12,0.12,0.0004993328528947373,7.817620602513986e-12,64.0,1,20,,,0.24999999999998612,0,0,0
BenignDiverse,7,radarNode,13,0.13,0.0004999566900526308,5.575800693391105e-12,64.0,1,20,,,0.24999999999997224,0,0,0
BenignDiverse,7,radarNode,14,0.14,0.0004996910051578941,9.772419291822671e-12,64.0,1,20,,,0.250000000000025,0,0,0
BenignDiverse,7,zonalHost,0,0.0,0.0005010494875789474,8.135598590799699e-12,20.0,1,20,3.1394737291666663,8.171281468480194,0.2500000000000001,2.0,0,0
BenignDiverse,7,zonalHost,1,0.01,0.0004998884058421052,8.896530918762877e-12,20.0,1,20,,,0.24999999999999986,0,0,0
BenignDiverse,7,zonalHost,2,0.02,0.0005003447808421053,1.2351638152681645e-11,20.0,1,20,,,0.2500000000000003,0,0,0
BenignDiverse,7,zonalHost,3,0.03,0.0004999586394736841,1.2211872078237022e-11,20.0,1,20,,,0.25000000000000017,0,0,0
BenignDiverse,7,zonalHost,4,0.04,0.0005001265927894738,6.283112992809176e-12,20.0,1,20,,,0.25000000000000017,0,0,0
BenignDiverse,7,zonalHost,5,0.05,0.0004996377358947371,1.0840219176914858e-11,20.0,1,20,,,0.25000000000000017,0,0,0
BenignDiverse,7,zonalHost,6,0.06,0.0005011090163684212,7.353022060609256e-12,20.0,1,20,,,0.25000000000000033,0,0,0
BenignDiverse,7,zonalHost,7,0.07,0.0004993338675263156,8.375187915292657e-12,20.0,1,20,,,0.25000000000000033,0,0,0
BenignDiverse,7,zonalHost,8,0.08,0.0005006969185263157,1.2161068145940145e-11,20.0,1,20,,,0.25000000000000033,0,0,0
BenignDiverse,7,zonalHost,9,0.09,0.0004990162685789476,6.776518692599955e-12,20.0,1,20,,,0.25000000000000033,0,0,0
BenignDiverse,7,zonalHost,10,0.1,0.0004998397097368421,9.754750761504067e-12,20.0,1,20,,,0.24999999999999895,0,0,0
BenignDiverse,7,zonalHost,11,0.11,0.0004999290862105261,7.594294068891193e-12,20.0,1,20,,,0.25000000000000033,0,0,0
BenignDiverse,7,zonalHost,12,0.12,0.0004993010050526311,1.2414612612005577e-11,20.0,1,20,,,0.24999999999998612,0,0,0
BenignDiverse,7,zonalHost,13,0.13,0.0005006964784736854,7.726195895653972e-12,20.0,1,20,,,0.24999999999997224,0,0,0
BenignDiverse,7,zonalHost,14,0.14,0.0004993642636315792,6.1319367615145375e-12,20.0,1,20,,,0.250000000000025,0,0,0
BenignDiverse,7,attackNode,0,0.0,,,,0,0,2.395158791666667,6.456378021837242,0.2500000000000001,3.0,0,0
BenignDiverse,7,attackNode,1,0.01,,,,0,0,,,0.24999999999999986,0,0,0
BenignDiverse,7,attackNode,2,0.02,,,,0,0,,,0.2500000000000003,0,0,0
BenignDiverse,7,attackNode,3,0.03,,,,0,0,,,0.25000000000000017,0,0,0
BenignDiverse,7,attackNode,4,0.04,,,,0,0,,,0.25000000000000017,0,0,0
BenignDiverse,7,attackNode,5,0.05,,,,0,0,,,0.25000000000000017,0,0,0
BenignDiverse,7,attackNode,6,0.06,,,,0,0,,,0.25000000000000033,0,0,0
BenignDiverse,7,attackNode,7,0.07,,,,0,0,,,0.25000000000000033,0,0,0
BenignDiverse,7,attackNode,8,0.08,,,,0,0,,,0.25000000000000033,0,0,0
BenignDiverse,7,attackNode,9,0.09,,,,0,0,,,0.25000000000000033,0,0,0
BenignDiverse,7,attackNode,10,0.1,,,,0,0,,,0.24999999999999895,0,0,0
BenignDiverse,7,attackNode,11,0.11,,,,0,0,,,0.25000000000000033,0,0,0
BenignDiverse,7,attackNode,12,0.12,,,,0,0,,,0.24999999999998612,0,0,0
BenignDiverse,7,attackNode,13,0.13,,,,0,0,,,0.24999999999997224,0,0,0
BenignDiverse,7,attackNode,14,0.14,,,,0,0,,,0.250000000000025,0,0,0
BenignDiverse,8,av1,0,0.0,9.000091219266055e-05,1.267277512571366e-12,500.0,1,110,2.9125093541666667,8.050471561628951,0.2500000000000001,2.0,0,0
BenignDiverse,8,av1,1,0.01,9.008651980909092e-05,1.3196019572071882e-12,500.0,1,111,,,0.24999999999999986,0,0,0
BenignDiverse,8,av1,2,0.02,8.999040724324326e-05,1.487828653449541e-12,500.0,1,112,,,0.2500000000000003,0,0,0
BenignDiverse,8,av1,3,0.03,9.009054330909089e-05,1.1607767358372767e-12,500.0,1,111,,,0.25000000000000017,0,0,0
BenignDiverse,8,av1,4,0.04,8.997733582727274e-05,1.3310562909869464e-12,500.0,1,111,,,0.25000000000000017,0,0,0
BenignDiverse,8,av1,5,0.05,9.002712929090907e-05,1.1175510397386626e-12,500.0,1,111,,,0.25000000000000017,0,0,0
BenignDiverse,8,av1,6,0.06,8.997674869999998e-05,1.1686905197952643e-12,500.0,1,111,,,0.25000000000000033,0,0,0
BenignDiverse,8,av1,7,0.07,8.998774213636356e-05,1.3190000433952219e-12,500.0,1,111,,,0.25000000000000033,0,0,0
BenignDiverse,8,av1,8,0.08,8.997561847272729e-05,1.3222330612269358e-12,500.0,1,111,,,0.25000000000000033,0,0,0
BenignDiverse,8,av1,9,0.09,9.001796745454546e-05,1.42093934411516e-12,500.0,1,111,,,0.25000000000000033,0,0,0
BenignDiverse,8,av1,10,0.1,8.985015877477478e-05,1.3275035997773162e-12,500.0,1,112,,,0.24999999999999895,0,0,0
BenignDiverse,8,av1,11,0.11,8.984344696363636e-05,1.2580439824548948e-12,500.0,1,111,,,0.25000000000000033,0,0,0
BenignDiverse,8,av1,12,0.12,9.003493656363631e-05,1.2028452304396933e-12,500.0,1,111,,,0.24999999999998612,0,0,0
BenignDiverse,8,av1,13,0.13,9.017684613636365e-05,1.4107096500827277e-12,500.0,1,111,,,0.24999999999997224,0,0,0
BenignDiverse,8,av1,14,0.14,9.008233885454534e-05,1.4542017704235768e-12,500.0,1,111,,,0.250000000000025,0,0,0
BenignDiverse,8,av2,0,0.0,8.989414524770642e-05,1.1979725804027242e-12,500.0,1,110,3.256247354166667,10.283396006353792,0.2500000000000001,3.0,0,0
BenignDiverse,8,av2,1,0.01,8.996606372727274e-05,1.1875090431855412e-12,500.0,1,111,,,0.24999999999999986,0,0,0
BenignDiverse,8,av2,2,0.02,9.00408079909091e-05,1.4257685998103546e-12,500.0,1,111,,,0.2500000000000003,0,0,0
BenignDiverse,8,av2,3,0.03,8.98698962612613e-05,1.3382516794479305e-12,500.0,1,112,,,0.25000000000000017,0,0,0
BenignDiverse,8,av2,4,0.04,8.989696892727273e-05,1.2733662880426462e-12,500.0,1,111,,,0.25000000000000017,0,0,0
BenignDiverse,8,av2,5,0.05,9.008659134545457e-05,1.4086435284375392e-12,500.0,1,111,,,0.25000000000000017,0,0,0
BenignDiverse,8,av2,6,0.06,9.005653074545451e-05,1.3678099911770495e-12,500.0,1,111,,,0.25000000000000033,0,0,0
BenignDiverse,8,av2,7,0.07,9.005974410909093e-05,1.5851558824664264e-12,500.0,1,111,,,0.25000000000000033,0,0,0
BenignDiverse,8,av2,8,0.08,9.005211532727267e-05,1.3739558680651148e-12,500.0,1,111,,,0.25000000000000033,0,0,0
BenignDiverse,8,av2,9,0.09,8.979346683636363e-05,1.336131824232424e-12,500.0,1,111,,,0.25000000000000033,0,0,0
BenignDiverse,8,av2,10,0.1,8.995656190090083e-05,1.165787975066403e-12,500.0,1,112,,,0.24999999999999895,0,0,0
BenignDiverse,8,av2,11,0.11,9.003319089090911e-05,1.3856049392270102e-12,500.0,1,111,,,0.25000000000000033,0,0,0
BenignDiverse,8,av2,12,0.12,9.012628647272733e-05,1.5190174518140308e-12,500.0,1,111,,,0.24999999999998612,0,0,0
BenignDiverse,8,av2,13,0.13,8.997997810909108e-05,1.3667241534517276e-12,500.0,1,111,,,0.24999999999997224,0,0,0
BenignDiverse,8,av2,14,0.14,8.991555958181827e-05,1.371661636528559e-12,500.0,1,111,,,0.250000000000025,0,0,0
BenignDiverse,8,radarNode,0,0.0,0.000500479349368421,6.19156398751016e-12,64.0,1,20,3.204398270833333,9.135974838620625,0.2500000000000001,2.0,0,0
BenignDiverse,8,radarNode,1,0.01,0.0005013420282105263,6.2580442816465545e-12,64.0,1,20,,,0.24999999999999986,0,0,0
BenignDiverse,8,radarNode,2,0.02,0.0004999146824736842,7.603584566135668e-12,64.0,1,20,,,0.2500000000000003,0,0,0
BenignDiverse,8,radarNode,3,0.03,0.0005013784090526315,8.689546543351487e-12,64.0,1,20,,,0.25000000000000017,0,0,0
BenignDiverse,8,radarNode,4,0.04,0.0004993484187894734,9.707520011491575e-12,64.0,1,20,,,0.25000000000000017,0,0,0
BenignDiverse,8,radarNode,5,0.05,0.0004996910384736842,6.917721477115732e-12,64.0,1,20,,,0.25000000000000017,0,0,0
BenignDiverse,8,radarNode,6,0.06,0.0004992258838947371,9.933459637531635e-12,64.0,1,20,,,0.25000000000000033,0,0,0
BenignDiverse,8,radarNode,7,0.07,0.0005006775343684214,8.627117457246694e-12,64.0,1,20,,,0.25000000000000033,0,0,0
BenignDiverse,8,radarNode,8,0.08,0.0005002190121052625,7.356991551141772e-12,64.0,1,20,,,0.25000000000000033,0,0,0
BenignDiverse,8,radarNode,9,0.09,0.0004988020353157889,6.948610949589887e-12,64.0,1,20,,,0.25000000000000033,0,0,0
BenignDiverse,8,radarNode,10,0.1,0.000499905931526316,9.25394337518311e-12,64.0,1,20,,,0.24999999999999895,0,0,0
BenignDiverse,8,radarNode,11,0.11,0.0004995402573157894,1.228521351665242e-11,64.0,1,20,,,0.25000000000000033,0,0,0
BenignDiverse,8,radarNode,12,0.12,0.0005004988151578949,6.220269683050387e-12,64.0,1,20,,,0.24999999999998612,0,0,0
BenignDiverse,8,radarNode,13,0.13,0.0005002765547368425,9.910641818457308e-12,64.0,1,20,,,0.24999999999997224,0,0,0
BenignDiverse,8,radarNode,14,0.14,0.0004996787647894734,1.209227171638079e-11,64.0,1,20,,,0.250000000000025,0,0,0
BenignDiverse,8,zonalHost,0,0.0,0.000500334587368421,7.554645691284327e-12,20.0,1,20,2.9351716874999996,7.684824969867345,0.2500000000000001,2.0,0,0
BenignDiverse,8,zonalHost,1,0.01,0.0005002046212631579,1.0728807104362408e-11,20.0,1,20,,,0.24999999999999986,0,0,0
BenignDiverse,8,zonalHost,2,0.02,0.0005004992936315789,5.146794369690067e-12,20.0,1,20,,,0.2500000000000003,0,0,0
BenignDiverse,8,zonalHost,3,0.03,0.0004995724224210527,1.1189175559777145e-11,20.0,1,20,,,0.25000000000000017,0,0,0
BenignDiverse,8,zonalHost,4,0.04,0.0005010160511578947,7.895451257460915e-12,20.0,1,20,,,0.25000000000000017,0,0,0
BenignDiverse,8,zonalHost,5,0.05,0.0005005317004736842,7.673411440051307e-12,20.0,1,20,,,0.25000000000000017,0,0,0
BenignDiverse,8,zonalHost,6,0.06,0.0005004186836315793,9.347280494149879e-12,20.0,1,20,,,0.25000000000000033,0,0,0
BenignDiverse,8,zonalHost,7,0.07,0.000499475111842105,6.553821634733941e-12,20.0,1,20,,,0.25000000000000033,0,0,0
BenignDiverse,8,zonalHost,8,0.08,0.0004996158629999997,9.355068769164851e-12,20.0,1,20,,,0.25000000000000033,0,0,0
BenignDiverse,8,zonalHost,9,0.09,0.0005010784631578942,7.407631114820706e-12,20.0,1,20,,,0.25000000000000033,0,0,0
BenignDiverse,8,zonalHost,10,0.1,0.0004992214998947367,8.417325616071233e-12,20.0,1,20,,,0.24999999999999895,0,0,0
BenignDiverse,8,zonalHost,11,0.11,0.0005000306408947372,9.809904032218558e-12,20.0,1,20,,,0.25000000000000033,0,0,0
BenignDiverse,8,zonalHost,12,0.12,0.0004999566197368418,1.0321612199398273e-11,20.0,1,20,,,0.24999999999998612,0,0,0
BenignDiverse,8,zonalHost,13,0.13,0.0005002742431578953,8.802291493394235e-12,20.0,1,20,,,0.24999999999997224,0,0,0
BenignDiverse,8,zonalHost,14,0.14,0.0005003053192631574,1.0940368343944687e-11,20.0,1,20,,,0.250000000000025,0,0,0
BenignDiverse,8,attackNode,0,0.0,,,,0,0,2.212914020833333,5.931628893723441,0.2500000000000001,3.0,0,0
BenignDiverse,8,attackNode,1,0.01,,,,0,0,,,0.24999999999999986,0,0,0
BenignDiverse,8,attackNode,2,0.02,,,,0,0,,,0.2500000000000003,0,0,0
BenignDiverse,8,attackNode,3,0.03,,,,0,0,,,0.25000000000000017,0,0,0
BenignDiverse,8,attackNode,4,0.04,,,,0,0,,,0.25000000000000017,0,0,0
BenignDiverse,8,attackNode,5,0.05,,,,0,0,,,0.25000000000000017,0,0,0
BenignDiverse,8,attackNode,6,0.06,,,,0,0,,,0.25000000000000033,0,0,0
BenignDiverse,8,attackNode,7,0.07,,,,0,0,,,0.25000000000000033,0,0,0
BenignDiverse,8,attackNode,8,0.08,,,,0,0,,,0.25000000000000033,0,0,0
BenignDiverse,8,attackNode,9,0.09,,,,0,0,,,0.25000000000000033,0,0,0
BenignDiverse,8,attackNode,10,0.1,,,,0,0,,,0.24999999999999895,0,0,0
BenignDiverse,8,attackNode,11,0.11,,,,0,0,,,0.25000000000000033,0,0,0
BenignDiverse,8,attackNode,12,0.12,,,,0,0,,,0.24999999999998612,0,0,0
BenignDiverse,8,attackNode,13,0.13,,,,0,0,,,0.24999999999997224,0,0,0
BenignDiverse,8,attackNode,14,0.14,,,,0,0,,,0.250000000000025,0,0,0
BenignDiverse,9,av1,0,0.0,8.993097922727273e-05,1.2815014326042849e-12,500.0,1,111,3.0838841875,8.42751256869472,0.2500000000000001,2.0,0,0
BenignDiverse,9,av1,1,0.01,9.002179361818182e-05,1.4711665082457904e-12,500.0,1,111,,,0.24999999999999986,0,0,0
BenignDiverse,9,av1,2,0.02,9.013535052727274e-05,1.045938765103713e-12,500.0,1,111,,,0.2500000000000003,0,0,0
BenignDiverse,9,av1,3,0.03,8.991524079999996e-05,1.3170889563738816e-12,500.0,1,111,,,0.25000000000000017,0,0,0
BenignDiverse,9,av1,4,0.04,8.993574873636364e-05,1.2880412496413594e-12,500.0,1,111,,,0.25000000000000017,0,0,0
BenignDiverse,9,av1,5,0.05,9.004622138181818e-05,1.0995511834451735e-12,500.0,1,111,,,0.25000000000000017,0,0,0
BenignDiverse,9,av1,6,0.06,9.001924023636365e-05,1.1460544738116572e-12,500.0,1,111,,,0.25000000000000033,0,0,0
BenignDiverse,9,av1,7,0.07,9.01255708818182e-05,1.3816400945429599e-12,500.0,1,111,,,0.25000000000000033,0,0,0
BenignDiverse,9,av1,8,0.08,9.004138084545459e-05,1.2823616069852116e-12,500.0,1,111,,,0.25000000000000033,0,0,0
BenignDiverse,9,av1,9,0.09,8.986357746363637e-05,1.3543494314899947e-12,500.0,1,111,,,0.25000000000000033,0,0,0
BenignDiverse,9,av1,10,0.1,8.983773381981986e-05,1.4345138306041582e-12,500.0,1,112,,,0.24999999999999895,0,0,0
BenignDiverse,9,av1,11,0.11,9.003928025454542e-05,1.4411150919489152e-12,500.0,1,111,,,0.25000000000000033,0,0,0
BenignDiverse,9,av1,12,0.12,8.984986126363647e-05,1.376647952884906e-12,500.0,1,111,,,0.24999999999998612,0,0,0
BenignDiverse,9,av1,13,0.13,8.995601935454537e-05,1.40143100110612e-12,500.0,1,111,,,0.24999999999997224,0,0,0
BenignDiverse,9,av1,14,0.14,8.99260832090909e-05,1.2441448741580347e-12,500.0,1,111,,,0.250000000000025,0,0,0
BenignDiverse,9,av2,0,0.0,8.997976612844037e-05,1.7095254929839527e-12,500.0,1,110,3.527029791666667,10.922717232134916,0.2500000000000001,3.0,0,0
BenignDiverse,9,av2,1,0.01,8.982166691818182e-05,1.3046947756392037e-12,500.0,1,111,,,0.24999999999999986,0,0,0
BenignDiverse,9,av2,2,0.02,8.996734336036037e-05,1.5355254678031428e-12,500.0,1,112,,,0.2500000000000003,0,0,0
BenignDiverse,9,av2,3,0.03,9.004515550000003e-05,1.534490977235378e-12,500.0,1,111,,,0.25000000000000017,0,0,0
BenignDiverse,9,av2,4,0.04,8.984522325454548e-05,1.4937552263594479e-12,500.0,1,111,,,0.25000000000000017,0,0,0
BenignDiverse,9,av2,5,0.05,8.985692250909086e-05,1.3034577871023977e-12,500.0,1,111,,,0.25000000000000017,0,0,0
BenignDiverse,9,av2,6,0.06,9.012185158181815e-05,1.331133696017221e-12,500.0,1,111,,,0.25000000000000033,0,0,0
BenignDiverse,9,av2,7,0.07,8.99851495181818e-05,1.3131538025722416e-12,500.0,1,111,,,0.25000000000000033,0,0,0
BenignDiverse,9,av2,8,0.08,9.00630744e-05,1.2560042791395193e-12,500.0,1,111,,,0.25000000000000033,0,0,0
BenignDiverse,9,av2,9,0.09,8.995932840000006e-05,1.3304733223222798e-12,500.0,1,111,,,0.25000000000000033,0,0,0
BenignDiverse,9,av2,10,0.1,8.99415087477478e-05,1.3058164047391479e-12,500.0,1,112,,,0.24999999999999895,0,0,0
BenignDiverse,9,av2,11,0.11,8.994425702727271e-05,1.4418053534997327e-12,500.0,1,111,,,0.25000000000000033,0,0,0
BenignDiverse,9,av2,12,0.12,9.001616808181812e-05,1.308371845514703e-12,500.0,1,111,,,0.24999999999998612,0,0,0
BenignDiverse,9,av2,13,0.13,9.022066178181817e-05,1.2780192565040788e-12,500.0,1,111,,,0.24999999999997224,0,0,0
BenignDiverse,9,av2,14,0.14,9.006762312727275e-05,1.2728988521828492e-12,500.0,1,111,,,0.250000000000025,0,0,0
BenignDiverse,9,radarNode,0,0.0,0.0005000096245789474,9.40924547614109e-12,64.0,1,20,3.416847458333333,9.533105298944069,0.2500000000000001,2.0,0,0
BenignDiverse,9,radarNode,1,0.01,0.0005003423142631579,8.261556510797904e-12,64.0,1,20,,,0.24999999999999986,0,0,0
BenignDiverse,9,radarNode,2,0.02,0.0004996783352631578,8.973899600476084e-12,64.0,1,20,,,0.2500000000000003,0,0,0
BenignDiverse,9,radarNode,3,0.03,0.0005003786413157893,9.586096752434607e-12,64.0,1,20,,,0.25000000000000017,0,0,0
BenignDiverse,9,radarNode,4,0.04,0.0004995388900526314,1.1306527476520901e-11,64.0,1,20,,,0.25000000000000017,0,0,0
BenignDiverse,9,radarNode,5,0.05,0.0004993443435263159,3.413173681615682e-12,64.0,1,20,,,0.25000000000000017,0,0,0
BenignDiverse,9,radarNode,6,0.06,0.0004995929271578948,9.255139120075272e-12,64.0,1,20,,,0.25000000000000033,0,0,0
BenignDiverse,9,radarNode,7,0.07,0.0005000792162631577,9.413284524438761e-12,64.0,1,20,,,0.25000000000000033,0,0,0
BenignDiverse,9,radarNode,8,0.08,0.0005004827179999995,9.763279254182849e-12,64.0,1,20,,,0.25000000000000033,0,0,0
BenignDiverse,9,radarNode,9,0.09,0.0005003544004736845,8.251967407280676e-12,64.0,1,20,,,0.25000000000000033,0,0,0
BenignDiverse,9,radarNode,10,0.1,0.0005002362675789476,9.68859461680941e-12,64.0,1,20,,,0.24999999999999895,0,0,0
BenignDiverse,9,radarNode,11,0.11,0.000500694281315789,8.49747448538737e-12,64.0,1,20,,,0.25000000000000033,0,0,0
BenignDiverse,9,radarNode,12,0.12,0.0004986106726842104,5.4104451384575555e-12,64.0,1,20,,,0.24999999999998612,0,0,0
BenignDiverse,9,radarNode,13,0.13,0.0005002801331578946,6.205911723053678e-12,64.0,1,20,,,0.24999999999997224,0,0,0
BenignDiverse,9,radarNode,14,0.14,0.000499356327526315,1.050973126627855e-11,64.0,1,20,,,0.250000000000025,0,0,0
BenignDiverse,9,zonalHost,0,0.0,0.0005001983583157895,9.0864464931945e-12,20.0,1,20,3.2169431874999996,8.353047076264097,0.2500000000000001,2.0,0,0
BenignDiverse,9,zonalHost,1,0.01,0.00049961584835,9.394699518444804e-12,20.0,1,21,,,0.24999999999999986,0,0,0
BenignDiverse,9,zonalHost,2,0.02,0.0005001509020555556,9.402584172712656e-12,20.0,1,19,,,0.2500000000000003,0,0,0
BenignDiverse,9,zonalHost,3,0.03,0.00049947577905,9.877333334221224e-12,20.0,1,21,,,0.25000000000000017,0,0,0
BenignDiverse,9,zonalHost,4,0.04,0.0005003503516111111,8.259458631505742e-12,20.0,1,19,,,0.25000000000000017,0,0,0
BenignDiverse,9,zonalHost,5,0.05,0.0004989091681999999,4.996160026348566e-12,20.0,1,21,,,0.25000000000000017,0,0,0
BenignDiverse,9,zonalHost,6,0.06,0.0004994726028947368,7.811869990776337e-12,20.0,1,20,,,0.25000000000000033,0,0,0
BenignDiverse,9,zonalHost,7,0.07,0.0004997121869473685,1.0390861554192313e-11,20.0,1,20,,,0.25000000000000033,0,0,0
BenignDiverse,9,zonalHost,8,0.08,0.0004998638609473684,1.0134167275713483e-11,20.0,1,20,,,0.25000000000000033,0,0,0
BenignDiverse,9,zonalHost,9,0.09,0.0004998842790526313,8.707136790318547e-12,20.0,1,20,,,0.25000000000000033,0,0,0
BenignDiverse,9,zonalHost,10,0.1,0.000501376122473684,6.099419792398588e-12,20.0,1,20,,,0.24999999999999895,0,0,0
BenignDiverse,9,zonalHost,11,0.11,0.0005003128945789473,7.400532424931521e-12,20.0,1,20,,,0.25000000000000033,0,0,0
BenignDiverse,9,zonalHost,12,0.12,0.000499577188947369,5.502319884499926e-12,20.0,1,20,,,0.24999999999998612,0,0,0
BenignDiverse,9,zonalHost,13,0.13,0.0004997087196842106,1.0254782947075907e-11,20.0,1,20,,,0.24999999999997224,0,0,0
BenignDiverse,9,zonalHost,14,0.14,0.000499401290157895,6.367878762847466e-12,20.0,1,20,,,0.250000000000025,0,0,0
BenignDiverse,9,attackNode,0,0.0,,,,0,0,2.483696458333333,6.693337779288081,0.2500000000000001,3.0,0,0
BenignDiverse,9,attackNode,1,0.01,,,,0,0,,,0.24999999999999986,0,0,0
BenignDiverse,9,attackNode,2,0.02,,,,0,0,,,0.2500000000000003,0,0,0
BenignDiverse,9,attackNode,3,0.03,,,,0,0,,,0.25000000000000017,0,0,0
BenignDiverse,9,attackNode,4,0.04,,,,0,0,,,0.25000000000000017,0,0,0
BenignDiverse,9,attackNode,5,0.05,,,,0,0,,,0.25000000000000017,0,0,0
BenignDiverse,9,attackNode,6,0.06,,,,0,0,,,0.25000000000000033,0,0,0
BenignDiverse,9,attackNode,7,0.07,,,,0,0,,,0.25000000000000033,0,0,0
BenignDiverse,9,attackNode,8,0.08,,,,0,0,,,0.25000000000000033,0,0,0
BenignDiverse,9,attackNode,9,0.09,,,,0,0,,,0.25000000000000033,0,0,0
BenignDiverse,9,attackNode,10,0.1,,,,0,0,,,0.24999999999999895,0,0,0
BenignDiverse,9,attackNode,11,0.11,,,,0,0,,,0.25000000000000033,0,0,0
BenignDiverse,9,attackNode,12,0.12,,,,0,0,,,0.24999999999998612,0,0,0
BenignDiverse,9,attackNode,13,0.13,,,,0,0,,,0.24999999999997224,0,0,0
BenignDiverse,9,attackNode,14,0.14,,,,0,0,,,0.250000000000025,0,0,0
BenignDiverse,10,av1,0,0.0,8.985538044545454e-05,1.2563700604413838e-12,500.0,1,111,3.3988414999999996,9.491916820797549,0.2500000000000001,2.0,0,0
BenignDiverse,10,av1,1,0.01,8.99156131181818e-05,1.2292924643676461e-12,500.0,1,111,,,0.24999999999999986,0,0,0
BenignDiverse,10,av1,2,0.02,8.986775782727272e-05,1.5463717537150782e-12,500.0,1,111,,,0.2500000000000003,0,0,0
BenignDiverse,10,av1,3,0.03,9.024474830000002e-05,1.3724855500018155e-12,500.0,1,111,,,0.25000000000000017,0,0,0
BenignDiverse,10,av1,4,0.04,8.995628286363637e-05,1.4091721749785103e-12,500.0,1,111,,,0.25000000000000017,0,0,0
BenignDiverse,10,av1,5,0.05,9.015160131818186e-05,1.37650169522683e-12,500.0,1,111,,,0.25000000000000017,0,0,0
BenignDiverse,10,av1,6,0.06,9.027401178181817e-05,1.367959040321482e-12,500.0,1,111,,,0.25000000000000033,0,0,0
BenignDiverse,10,av1,7,0.07,9.006503910000004e-05,1.2830093184185118e-12,500.0,1,111,,,0.25000000000000033,0,0,0
BenignDiverse,10,av1,8,0.08,9.008569781818175e-05,1.5605037820596879e-12,500.0,1,111,,,0.25000000000000033,0,0,0
BenignDiverse,10,av1,9,0.09,9.01845786454545e-05,1.3298836941226183e-12,500.0,1,111,,,0.25000000000000033,0,0,0
BenignDiverse,10,av1,10,0.1,8.993125975454557e-05,1.330209822922369e-12,500.0,1,111,,,0.24999999999999895,0,0,0
BenignDiverse,10,av1,11,0.11,9.011118679090917e-05,1.2242754720523059e-12,500.0,1,111,,,0.25000000000000033,0,0,0
BenignDiverse,10,av1,12,0.12,9.014074519999999e-05,1.2648271919538425e-12,500.0,1,111,,,0.24999999999998612,0,0,0
BenignDiverse,10,av1,13,0.13,8.991024945454552e-05,1.545736244980174e-12,500.0,1,111,,,0.24999999999997224,0,0,0
BenignDiverse,10,av1,14,0.14,8.983728752727264e-05,1.2827304401483978e-12,500.0,1,111,,,0.250000000000025,0,0,0
BenignDiverse,10,av2,0,0.0,8.975564447706423e-05,1.2190631960702809e-12,500.0,1,110,3.4753430833333327,10.802478556577514,0.2500000000000001,3.0,0,0
BenignDiverse,10,av2,1,0.01,8.988449627027026e-05,1.3461224199816625e-12,500.0,1,112,,,0.24999999999999986,0,0,0
BenignDiverse,10,av2,2,0.02,9.00226441909091e-05,1.1236494407021755e-12,500.0,1,111,,,0.2500000000000003,0,0,0
BenignDiverse,10,av2,3,0.03,8.987991649999998e-05,1.4607071610269914e-12,500.0,1,111,,,0.25000000000000017,0,0,0
BenignDiverse,10,av2,4,0.04,8.969578590909089e-05,1.3126479678623404e-12,500.0,1,111,,,0.25000000000000017,0,0,0
BenignDiverse,10,av2,5,0.05,8.994748627027024e-05,1.2408160025326488e-12,500.0,1,112,,,0.25000000000000017,0,0,0
BenignDiverse,10,av2,6,0.06,9.003581225454543e-05,1.3094650351312676e-12,500.0,1,111,,,0.25000000000000033,0,0,0
BenignDiverse,10,av2,7,0.07,8.977223428181828e-05,1.252529258381031e-12,500.0,1,111,,,0.25000000000000033,0,0,0
BenignDiverse,10,av2,8,0.08,8.992162973636369e-05,1.449118358460034e-12,500.0,1,111,,,0.25000000000000033,0,0,0
BenignDiverse,10,av2,9,0.09,9.001502655454541e-05,1.4737472004484469e-12,500.0,1,111,,,0.25000000000000033,0,0,0
BenignDiverse,10,av2,10,0.1,8.988899449549552e-05,1.3812490625984903e-12,500.0,1,112,,,0.24999999999999895,0,0,0
BenignDiverse,10,av2,11,0.11,8.979320082727275e-05,1.11523375261943e-12,500.0,1,111,,,0.25000000000000033,0,0,0
BenignDiverse,10,av2,12,0.12,8.994548040000007e-05,1.4406420005411588e-12,500.0,1,111,,,0.24999999999998612,0,0,0
BenignDiverse,10,av2,13,0.13,9.013000857272726e-05,1.4631347596397863e-12,500.0,1,111,,,0.24999999999997224,0,0,0
BenignDiverse,10,av2,14,0.14,8.982575628181818e-05,1.3456435132057887e-12,500.0,1,111,,,0.250000000000025,0,0,0
BenignDiverse,10,radarNode,0,0.0,0.0005003619472105263,8.192387733324113e-12,64.0,1,20,3.0252822291666663,8.29264143942879,0.2500000000000001,2.0,0,0
BenignDiverse,10,radarNode,1,0.01,0.0004996541972631578,7.88249317381688e-12,64.0,1,20,,,0.24999999999999986,0,0,0
BenignDiverse,10,radarNode,2,0.02,0.0004997274988947368,9.800280805508407e-12,64.0,1,20,,,0.2500000000000003,0,0,0
BenignDiverse,10,radarNode,3,0.03,0.0005002254020526315,6.5117202742501145e-12,64.0,1,20,,,0.25000000000000017,0,0,0
BenignDiverse,10,radarNode,4,0.04,0.0005001072101578947,9.147560055664448e-12,64.0,1,20,,,0.25000000000000017,0,0,0
BenignDiverse,10,radarNode,5,0.05,0.0005014002090526317,7.027333345160963e-12,64.0,1,20,,,0.25000000000000017,0,0,0
BenignDiverse,10,radarNode,6,0.06,0.0004991787064736843,1.000380866559956e-11,64.0,1,20,,,0.25000000000000033,0,0,0
BenignDiverse,10,radarNode,7,0.07,0.0004999088754736847,9.166518665365134e-12,64.0,1,20,,,0.25000000000000033,0,0,0
BenignDiverse,10,radarNode,8,0.08,0.0005006004028421056,1.0384200012130064e-11,64.0,1,20,,,0.25000000000000033,0,0,0
BenignDiverse,10,radarNode,9,0.09,0.0005006935686315784,1.1198042847457575e-11,64.0,1,20,,,0.25000000000000033,0,0,0
BenignDiverse,10,radarNode,10,0.1,0.0004990333683684209,6.989622032718561e-12,64.0,1,20,,,0.24999999999999895,0,0,0
BenignDiverse,10,radarNode,11,0.11,0.0005005658931052634,5.099548737567013e-12,64.0,1,20,,,0.25000000000000033,0,0,0
BenignDiverse,10,radarNode,12,0.12,0.0005006801304210523,1.0852934873209348e-11,64.0,1,20,,,0.24999999999998612,0,0,0
BenignDiverse,10,radarNode,13,0.13,0.0004998993555263156,9.189044781410047e-12,64.0,1,20,,,0.24999999999997224,0,0,0
BenignDiverse,10,radarNode,14,0.14,0.0005014513053684213,5.778652753357272e-12,64.0,1,20,,,0.250000000000025,0,0,0
BenignDiverse,10,zonalHost,0,0.0,0.00049947134955,8.194282013304289e-12,20.0,1,21,3.1737527291666665,8.266894852071315,0.2500000000000001,2.0,0,0
BenignDiverse,10,zonalHost,1,0.01,0.0004998624689473685,7.249218872490095e-12,20.0,1,20,,,0.24999999999999986,0,0,0
BenignDiverse,10,zonalHost,2,0.02,0.000499715667736842,6.628195856362115e-12,20.0,1,20,,,0.2500000000000003,0,0,0
BenignDiverse,10,zonalHost,3,0.03,0.0004994356425789475,1.0820928803489354e-11,20.0,1,20,,,0.25000000000000017,0,0,0
BenignDiverse,10,zonalHost,4,0.04,0.0005005708439473684,8.4223911218838e-12,20.0,1,20,,,0.25000000000000017,0,0,0
BenignDiverse,10,zonalHost,5,0.05,0.0005009436002777776,8.821185586709564e-12,20.0,1,19,,,0.25000000000000017,0,0,0
BenignDiverse,10,zonalHost,6,0.06,0.0004994138888947364,7.783433502230611e-12,20.0,1,20,,,0.25000000000000033,0,0,0
BenignDiverse,10,zonalHost,7,0.07,0.0005004674722631577,6.989507577672799e-12,20.0,1,20,,,0.25000000000000033,0,0,0
BenignDiverse,10,zonalHost,8,0.08,0.0004993726344999997,7.105624351885802e-12,20.0,1,21,,,0.25000000000000033,0,0,0
BenignDiverse,10,zonalHost,9,0.09,0.0005002901258333334,8.38293300207372e-12,20.0,1,19,,,0.25000000000000033,0,0,0
BenignDiverse,10,zonalHost,10,0.1,0.000500364087526316,9.641835799983904e-12,20.0,1,20,,,0.24999999999999895,0,0,0
BenignDiverse,10,zonalHost,11,0.11,0.0004999990437368418,6.292376847911211e-12,20.0,1,20,,,0.25000000000000033,0,0,0
BenignDiverse,10,zonalHost,12,0.12,0.0005011796882105273,1.1738964585163816e-11,20.0,1,20,,,0.24999999999998612,0,0,0
BenignDiverse,10,zonalHost,13,0.13,0.0005004524201052641,8.203996739070765e-12,20.0,1,20,,,0.24999999999997224,0,0,0
BenignDiverse,10,zonalHost,14,0.14,0.0005002926729473676,8.705729893047573e-12,20.0,1,20,,,0.250000000000025,0,0,0
BenignDiverse,10,attackNode,0,0.0,,,,0,0,2.43200975,6.5512195365300885,0.2500000000000001,3.0,0,0
BenignDiverse,10,attackNode,1,0.01,,,,0,0,,,0.24999999999999986,0,0,0
BenignDiverse,10,attackNode,2,0.02,,,,0,0,,,0.2500000000000003,0,0,0
BenignDiverse,10,attackNode,3,0.03,,,,0,0,,,0.25000000000000017,0,0,0
BenignDiverse,10,attackNode,4,0.04,,,,0,0,,,0.25000000000000017,0,0,0
BenignDiverse,10,attackNode,5,0.05,,,,0,0,,,0.25000000000000017,0,0,0
BenignDiverse,10,attackNode,6,0.06,,,,0,0,,,0.25000000000000033,0,0,0
BenignDiverse,10,attackNode,7,0.07,,,,0,0,,,0.25000000000000033,0,0,0
BenignDiverse,10,attackNode,8,0.08,,,,0,0,,,0.25000000000000033,0,0,0
BenignDiverse,10,attackNode,9,0.09,,,,0,0,,,0.25000000000000033,0,0,0
BenignDiverse,10,attackNode,10,0.1,,,,0,0,,,0.24999999999999895,0,0,0
BenignDiverse,10,attackNode,11,0.11,,,,0,0,,,0.25000000000000033,0,0,0
BenignDiverse,10,attackNode,12,0.12,,,,0,0,,,0.24999999999998612,0,0,0
BenignDiverse,10,attackNode,13,0.13,,,,0,0,,,0.24999999999997224,0,0,0
BenignDiverse,10,attackNode,14,0.14,,,,0,0,,,0.250000000000025,0,0,0
BenignDiverse,11,av1,0,0.0,9.005887168807339e-05,1.234517035972244e-12,500.0,1,110,3.3520206666666668,9.366603928298716,0.2500000000000001,2.0,0,0
BenignDiverse,11,av1,1,0.01,9.00555793153153e-05,1.392045856409267e-12,500.0,1,112,,,0.24999999999999986,0,0,0
BenignDiverse,11,av1,2,0.02,8.994406207272731e-05,1.361654733940261e-12,500.0,1,111,,,0.2500000000000003,0,0,0
BenignDiverse,11,av1,3,0.03,8.994993063636364e-05,1.2208165604719824e-12,500.0,1,111,,,0.25000000000000017,0,0,0
BenignDiverse,11,av1,4,0.04,9.006691436363633e-05,1.3370542293749123e-12,500.0,1,111,,,0.25000000000000017,0,0,0
BenignDiverse,11,av1,5,0.05,9.004979482727274e-05,1.4071808882894265e-12,500.0,1,111,,,0.25000000000000017,0,0,0
BenignDiverse,11,av1,6,0.06,9.005068764545451e-05,1.2660723061630753e-12,500.0,1,111,,,0.25000000000000033,0,0,0
BenignDiverse,11,av1,7,0.07,9.01269976636364e-05,1.1641705313361748e-12,500.0,1,111,,,0.25000000000000033,0,0,0
BenignDiverse,11,av1,8,0.08,9.014010800000002e-05,1.364399138943769e-12,500.0,1,111,,,0.25000000000000033,0,0,0
BenignDiverse,11,av1,9,0.09,9.019985040000006e-05,1.2675061357024054e-12,500.0,1,111,,,0.25000000000000033,0,0,0
BenignDiverse,11,av1,10,0.1,9.007892562727281e-05,1.3317195197795317e-12,500.0,1,111,,,0.24999999999999895,0,0,0
BenignDiverse,11,av1,11,0.11,8.988781804545459e-05,1.1356662255733648e-12,500.0,1,111,,,0.25000000000000033,0,0,0
BenignDiverse,11,av1,12,0.12,9.013942887272742e-05,1.4509673604039717e-12,500.0,1,111,,,0.24999999999998612,0,0,0
BenignDiverse,11,av1,13,0.13,8.989351059999989e-05,1.3028076120670366e-12,500.0,1,111,,,0.24999999999997224,0,0,0
BenignDiverse,11,av1,14,0.14,8.997112817272728e-05,1.3931798474121584e-12,500.0,1,111,,,0.250000000000025,0,0,0
BenignDiverse,11,av2,0,0.0,9.004352855963302e-05,1.5036347923576376e-12,500.0,1,110,3.502403625,10.663860043736486,0.2500000000000001,3.0,0,0
BenignDiverse,11,av2,1,0.01,8.987111297272728e-05,1.2468827878525587e-12,500.0,1,111,,,0.24999999999999986,0,0,0
BenignDiverse,11,av2,2,0.02,9.004915701818183e-05,1.3454527870448577e-12,500.0,1,111,,,0.2500000000000003,0,0,0
BenignDiverse,11,av2,3,0.03,9.006283516363639e-05,1.2985424686994703e-12,500.0,1,111,,,0.25000000000000017,0,0,0
BenignDiverse,11,av2,4,0.04,8.990841538738736e-05,1.1515133643415661e-12,500.0,1,112,,,0.25000000000000017,0,0,0
BenignDiverse,11,av2,5,0.05,9.010231894545456e-05,1.3213273747691652e-12,500.0,1,111,,,0.25000000000000017,0,0,0
BenignDiverse,11,av2,6,0.06,8.991891293636363e-05,1.3788161597505542e-12,500.0,1,111,,,0.25000000000000033,0,0,0
BenignDiverse,11,av2,7,0.07,8.997217109999998e-05,1.0104965362881497e-12,500.0,1,111,,,0.25000000000000033,0,0,0
BenignDiverse,11,av2,8,0.08,8.987976263636356e-05,1.420955245712221e-12,500.0,1,111,,,0.25000000000000033,0,0,0
BenignDiverse,11,av2,9,0.09,9.005426920000006e-05,1.2169173056992933e-12,500.0,1,111,,,0.25000000000000033,0,0,0
BenignDiverse,11,av2,10,0.1,8.993356211818179e-05,1.440307132365977e-12,500.0,1,111,,,0.24999999999999895,0,0,0
BenignDiverse,11,av2,11,0.11,8.992477939639638e-05,1.1920535103558798e-12,500.0,1,112,,,0.25000000000000033,0,0,0
BenignDiverse,11,av2,12,0.12,8.999948496363624e-05,1.2854605685196841e-12,500.0,1,111,,,0.24999999999998612,0,0,0
BenignDiverse,11,av2,13,0.13,9.007876841818187e-05,1.1719609532708221e-12,500.0,1,111,,,0.24999999999997224,0,0,0
BenignDiverse,11,av2,14,0.14,9.011733167272732e-05,1.2945973908471444e-12,500.0,1,111,,,0.250000000000025,0,0,0
BenignDiverse,11,radarNode,0,0.0,0.0004993023117894737,9.09142642519513e-12,64.0,1,20,3.051921354166667,8.291104585838303,0.2500000000000001,2.0,0,0
BenignDiverse,11,radarNode,1,0.01,0.000499899427736842,7.115928848582854e-12,64.0,1,20,,,0.24999999999999986,0,0,0
BenignDiverse,11,radarNode,2,0.02,0.000499906955105263,1.1711637363216108e-11,64.0,1,20,,,0.2500000000000003,0,0,0
BenignDiverse,11,radarNode,3,0.03,0.0004989630634210526,8.994636483231534e-12,64.0,1,20,,,0.25000000000000017,0,0,0
BenignDiverse,11,radarNode,4,0.04,0.0004995808586315787,7.555895417476465e-12,64.0,1,20,,,0.25000000000000017,0,0,0
BenignDiverse,11,radarNode,5,0.05,0.0005007610741578948,8.619642231463401e-12,64.0,1,20,,,0.25000000000000017,0,0,0
BenignDiverse,11,radarNode,6,0.06,0.0004990041968421051,7.063841838757927e-12,64.0,1,20,,,0.25000000000000033,0,0,0
BenignDiverse,11,radarNode,7,0.07,0.0005007858708947371,1.0682586776478067e-11,64.0,1,20,,,0.25000000000000033,0,0,0
BenignDiverse,11,radarNode,8,0.08,0.0004998340500526319,6.380260528853116e-12,64.0,1,20,,,0.25000000000000033,0,0,0
BenignDiverse,11,radarNode,9,0.09,0.0004999271938947367,5.692532342761956e-12,64.0,1,20,,,0.25000000000000033,0,0,0
BenignDiverse,11,radarNode,10,0.1,0.0004999528442105262,7.981622898455773e-12,64.0,1,20,,,0.24999999999999895,0,0,0
BenignDiverse,11,radarNode,11,0.11,0.0004997386289473681,1.2900008827916957e-11,64.0,1,20,,,0.25000000000000033,0,0,0
BenignDiverse,11,radarNode,12,0.12,0.0005003650169999998,5.913757896848767e-12,64.0,1,20,,,0.24999999999998612,0,0,0
BenignDiverse,11,radarNode,13,0.13,0.0005006309118947371,6.123506033108786e-12,64.0,1,20,,,0.24999999999997224,0,0,0
BenignDiverse,11,radarNode,14,0.14,0.0005001740465789478,9.697098918786674e-12,64.0,1,20,,,0.250000000000025,0,0,0
BenignDiverse,11,zonalHost,0,0.0,0.0005009862569473684,6.753731743799648e-12,20.0,1,20,3.161896958333333,8.161495049034285,0.2500000000000001,2.0,0,0
BenignDiverse,11,zonalHost,1,0.01,0.0004998921668947369,8.769847782433188e-12,20.0,1,20,,,0.24999999999999986,0,0,0
BenignDiverse,11,zonalHost,2,0.02,0.0005008309357368421,5.933380126244363e-12,20.0,1,20,,,0.2500000000000003,0,0,0
BenignDiverse,11,zonalHost,3,0.03,0.0005012794418947369,8.842091631654776e-12,20.0,1,20,,,0.25000000000000017,0,0,0
BenignDiverse,11,zonalHost,4,0.04,0.0005007585286842107,9.422129290435897e-12,20.0,1,20,,,0.25000000000000017,0,0,0
BenignDiverse,11,zonalHost,5,0.05,0.0004995985108421053,1.2399761495613057e-11,20.0,1,20,,,0.25000000000000017,0,0,0
BenignDiverse,11,zonalHost,6,0.06,0.0004991217548421048,1.0685776461954353e-11,20.0,1,20,,,0.25000000000000033,0,0,0
BenignDiverse,11,zonalHost,7,0.07,0.0004993201769999999,9.765599600759946e-12,20.0,1,20,,,0.25000000000000033,0,0,0
BenignDiverse,11,zonalHost,8,0.08,0.0004990545077894737,6.623198918113895e-12,20.0,1,20,,,0.25000000000000033,0,0,0
BenignDiverse,11,zonalHost,9,0.09,0.0005004504017368421,9.883170759905568e-12,20.0,1,20,,,0.25000000000000033,0,0,0
BenignDiverse,11,zonalHost,10,0.1,0.0005011414307368419,9.976010219222404e-12,20.0,1,20,,,0.24999999999999895,0,0,0
BenignDiverse,11,zonalHost,11,0.11,0.0005005981148421049,7.83437984925937e-12,20.0,1,20,,,0.25000000000000033,0,0,0
BenignDiverse,11,zonalHost,12,0.12,0.0004992417216315787,7.692222303751758e-12,20.0,1,20,,,0.24999999999998612,0,0,0
BenignDiverse,11,zonalHost,13,0.13,0.0005014701184736835,7.227240199479113e-12,20.0,1,20,,,0.24999999999997224,0,0,0
BenignDiverse,11,zonalHost,14,0.14,0.0004990821450526308,1.0913438795510058e-11,20.0,1,20,,,0.250000000000025,0,0,0
BenignDiverse,11,attackNode,0,0.0,,,,0,0,2.459070291666667,6.553410607428979,0.2500000000000001,3.0,0,0
BenignDiverse,11,attackNode,1,0.01,,,,0,0,,,0.24999999999999986,0,0,0
BenignDiverse,11,attackNode,2,0.02,,,,0,0,,,0.2500000000000003,0,0,0
BenignDiverse,11,attackNode,3,0.03,,,,0,0,,,0.25000000000000017,0,0,0
BenignDiverse,11,attackNode,4,0.04,,,,0,0,,,0.25000000000000017,0,0,0
BenignDiverse,11,attackNode,5,0.05,,,,0,0,,,0.25000000000000017,0,0,0
BenignDiverse,11,attackNode,6,0.06,,,,0,0,,,0.25000000000000033,0,0,0
BenignDiverse,11,attackNode,7,0.07,,,,0,0,,,0.25000000000000033,0,0,0
BenignDiverse,11,attackNode,8,0.08,,,,0,0,,,0.25000000000000033,0,0,0
BenignDiverse,11,attackNode,9,0.09,,,,0,0,,,0.25000000000000033,0,0,0
BenignDiverse,11,attackNode,10,0.1,,,,0,0,,,0.24999999999999895,0,0,0
BenignDiverse,11,attackNode,11,0.11,,,,0,0,,,0.25000000000000033,0,0,0
BenignDiverse,11,attackNode,12,0.12,,,,0,0,,,0.24999999999998612,0,0,0
BenignDiverse,11,attackNode,13,0.13,,,,0,0,,,0.24999999999997224,0,0,0
BenignDiverse,11,attackNode,14,0.14,,,,0,0,,,0.250000000000025,0,0,0
BenignDiverse,12,av1,0,0.0,8.995838790909091e-05,1.4446953285265307e-12,500.0,1,111,3.1081636041666667,8.480605707654053,0.2500000000000001,2.0,0,0
BenignDiverse,12,av1,1,0.01,8.984759601818181e-05,1.2731144080051524e-12,500.0,1,111,,,0.24999999999999986,0,0,0
BenignDiverse,12,av1,2,0.02,9.002653261818184e-05,1.4125943184858994e-12,500.0,1,111,,,0.2500000000000003,0,0,0
BenignDiverse,12,av1,3,0.03,8.993708137272727e-05,1.3410727305234533e-12,500.0,1,111,,,0.25000000000000017,0,0,0
BenignDiverse,12,av1,4,0.04,8.998742571818181e-05,1.306277590078405e-12,500.0,1,111,,,0.25000000000000017,0,0,0
BenignDiverse,12,av1,5,0.05,9.004846892727273e-05,1.321246075715573e-12,500.0,1,111,,,0.25000000000000017,0,0,0
BenignDiverse,12,av1,6,0.06,9.005231004545452e-05,1.381167591314527e-12,500.0,1,111,,,0.25000000000000033,0,0,0
BenignDiverse,12,av1,7,0.07,9.004505051818177e-05,1.2370149257408346e-12,500.0,1,111,,,0.25000000000000033,0,0,0
BenignDiverse,12,av1,8,0.08,9.012636916363637e-05,1.3285558076474449e-12,500.0,1,111,,,0.25000000000000033,0,0,0
BenignDiverse,12,av1,9,0.09,8.992357814414418e-05,1.2518293570368575e-12,500.0,1,112,,,0.25000000000000033,0,0,0
BenignDiverse,12,av1,10,0.1,9.008762189090915e-05,1.3422928371596577e-12,500.0,1,111,,,0.24999999999999895,0,0,0
BenignDiverse,12,av1,11,0.11,8.99467765727273e-05,1.2418182644406857e-12,500.0,1,111,,,0.25000000000000033,0,0,0
BenignDiverse,12,av1,12,0.12,8.993032624545445e-05,1.3270411423630564e-12,500.0,1,111,,,0.24999999999998612,0,0,0
BenignDiverse,12,av1,13,0.13,8.989418328181822e-05,1.4263223550222427e-12,500.0,1,111,,,0.24999999999997224,0,0,0
BenignDiverse,12,av1,14,0.14,8.989489655454547e-05,1.4543848841192202e-12,500.0,1,111,,,0.250000000000025,0,0,0
BenignDiverse,12,av2,0,0.0,8.989780962385321e-05,1.3090794084982658e-12,500.0,1,110,3.5231155416666664,10.953264362606905,0.2500000000000001,3.0,0,0
BenignDiverse,12,av2,1,0.01,8.999219705454545e-05,1.1928987828672625e-12,500.0,1,111,,,0.24999999999999986,0,0,0
BenignDiverse,12,av2,2,0.02,8.996764265454544e-05,1.1802959467285786e-12,500.0,1,111,,,0.2500000000000003,0,0,0
BenignDiverse,12,av2,3,0.03,9.010994160000001e-05,1.284213463650372e-12,500.0,1,111,,,0.25000000000000017,0,0,0
BenignDiverse,12,av2,4,0.04,9.010687003636363e-05,1.263810195204939e-12,500.0,1,111,,,0.25000000000000017,0,0,0
BenignDiverse,12,av2,5,0.05,8.996397995495492e-05,1.3275404830638553e-12,500.0,1,112,,,0.25000000000000017,0,0,0
BenignDiverse,12,av2,6,0.06,9.01104564818182e-05,1.4479132246015925e-12,500.0,1,111,,,0.25000000000000033,0,0,0
BenignDiverse,12,av2,7,0.07,8.9961221509091e-05,1.3771475623298822e-12,500.0,1,111,,,0.25000000000000033,0,0,0
BenignDiverse,12,av2,8,0.08,9.021314673636356e-05,1.3803379235024888e-12,500.0,1,111,,,0.25000000000000033,0,0,0
BenignDiverse,12,av2,9,0.09,9.005571554545457e-05,1.1376266762444199e-12,500.0,1,111,,,0.25000000000000033,0,0,0
BenignDiverse,12,av2,10,0.1,9.012635258181814e-05,1.2527766441048988e-12,500.0,1,111,,,0.24999999999999895,0,0,0
BenignDiverse,12,av2,11,0.11,8.983577506363636e-05,1.390509283622164e-12,500.0,1,111,,,0.25000000000000033,0,0,0
BenignDiverse,12,av2,12,0.12,8.984431791818184e-05,1.3213293301789764e-12,500.0,1,111,,,0.24999999999998612,0,0,0
BenignDiverse,12,av2,13,0.13,8.994590062727262e-05,1.5163590767575727e-12,500.0,1,111,,,0.24999999999997224,0,0,0
BenignDiverse,12,av2,14,0.14,8.992794387387386e-05,1.465819920898477e-12,500.0,1,112,,,0.250000000000025,0,0,0
BenignDiverse,12,radarNode,0,0.0,0.0004997530681052631,5.895559119068698e-12,64.0,1,20,3.4427050833333332,9.559762014058418,0.2500000000000001,2.0,0,0
BenignDiverse,12,radarNode,1,0.01,0.0005000320454210525,7.489665404753791e-12,64.0,1,20,,,0.24999999999999986,0,0,0
BenignDiverse,12,radarNode,2,0.02,0.0005007390845263158,8.979168058432787e-12,64.0,1,20,,,0.2500000000000003,0,0,0
BenignDiverse,12,radarNode,3,0.03,0.000499672427368421,7.883393994353212e-12,64.0,1,20,,,0.25000000000000017,0,0,0
BenignDiverse,12,radarNode,4,0.04,0.0004999096668947369,3.775726586205776e-12,64.0,1,20,,,0.25000000000000017,0,0,0
BenignDiverse,12,radarNode,5,0.05,0.000500499610157895,5.643974055061398e-12,64.0,1,20,,,0.25000000000000017,0,0,0
BenignDiverse,12,radarNode,6,0.06,0.0005007344709473685,8.045030238067953e-12,64.0,1,20,,,0.25000000000000033,0,0,0
BenignDiverse,12,radarNode,7,0.07,0.0005005157071578947,8.182789033106512e-12,64.0,1,20,,,0.25000000000000033,0,0,0
BenignDiverse,12,radarNode,8,0.08,0.0004994823301578944,8.31063388765411e-12,64.0,1,20,,,0.25000000000000033,0,0,0
BenignDiverse,12,radarNode,9,0.09,0.0005001986725789472,1.0029465643115272e-11,64.0,1,20,,,0.25000000000000033,0,0,0
BenignDiverse,12,radarNode,10,0.1,0.0005003672123684204,1.0806098135361902e-11,64.0,1,20,,,0.24999999999999895,0,0,0
BenignDiverse,12,radarNode,11,0.11,0.0004998888114210526,9.166244733531158e-12,64.0,1,20,,,0.25000000000000033,0,0,0
BenignDiverse,12,radarNode,12,0.12,0.0005006856715263155,1.1181798936573923e-11,64.0,1,20,,,0.24999999999998612,0,0,0
BenignDiverse,12,radarNode,13,0.13,0.000499480054157894,5.781477714414591e-12,64.0,1,20,,,0.24999999999997224,0,0,0
BenignDiverse,12,radarNode,14,0.14,0.0005007691228947371,9.539417487426103e-12,64.0,1,20,,,0.250000000000025,0,0,0
BenignDiverse,12,zonalHost,0,0.0,0.0004996294678,1.0044362150880514e-11,20.0,1,21,3.1794178124999997,8.287303379444818,0.2500000000000001,2.0,0,0
BenignDiverse,12,zonalHost,1,0.01,0.0005010431878333334,9.888400648712587e-12,20.0,1,19,,,0.24999999999999986,0,0,0
BenignDiverse,12,zonalHost,2,0.02,0.0004997002972631578,1.2463742486495341e-11,20.0,1,20,,,0.2500000000000003,0,0,0
BenignDiverse,12,zonalHost,3,0.03,0.0005004666922105265,9.815867860392603e-12,20.0,1,20,,,0.25000000000000017,0,0,0
BenignDiverse,12,zonalHost,4,0.04,0.0004998657229473686,8.893951589755813e-12,20.0,1,20,,,0.25000000000000017,0,0,0
BenignDiverse,12,zonalHost,5,0.05,0.0005014305437368422,6.979825552596411e-12,20.0,1,20,,,0.25000000000000017,0,0,0
BenignDiverse,12,zonalHost,6,0.06,0.0005010744785263156,7.599960772329981e-12,20.0,1,20,,,0.25000000000000033,0,0,0
BenignDiverse,12,zonalHost,7,0.07,0.0004988207541578947,7.13588356723874e-12,20.0,1,20,,,0.25000000000000033,0,0,0
BenignDiverse,12,zonalHost,8,0.08,0.0004991160327894734,7.242666197698754e-12,20.0,1,20,,,0.25000000000000033,0,0,0
BenignDiverse,12,zonalHost,9,0.09,0.0004992892094210529,7.504091406356078e-12,20.0,1,20,,,0.25000000000000033,0,0,0
BenignDiverse,12,zonalHost,10,0.1,0.0004997662802000002,8.13189718249025e-12,20.0,1,21,,,0.24999999999999895,0,0,0
BenignDiverse,12,zonalHost,11,0.11,0.0004995698654210529,6.690132951696965e-12,20.0,1,20,,,0.25000000000000033,0,0,0
BenignDiverse,12,zonalHost,12,0.12,0.0005004997323684217,8.36164246001679e-12,20.0,1,20,,,0.24999999999998612,0,0,0
BenignDiverse,12,zonalHost,13,0.13,0.0005000113096315797,1.6176229828761898e-11,20.0,1,20,,,0.24999999999997224,0,0,0
BenignDiverse,12,zonalHost,14,0.14,0.0005015069539444438,7.2669105477184425e-12,20.0,1,19,,,0.250000000000025,0,0,0
BenignDiverse,12,attackNode,0,0.0,,,,0,0,2.4797822083333334,6.664477052134779,0.2500000000000001,3.0,0,0
BenignDiverse,12,attackNode,1,0.01,,,,0,0,,,0.24999999999999986,0,0,0
BenignDiverse,12,attackNode,2,0.02,,,,0,0,,,0.2500000000000003,0,0,0
BenignDiverse,12,attackNode,3,0.03,,,,0,0,,,0.25000000000000017,0,0,0
BenignDiverse,12,attackNode,4,0.04,,,,0,0,,,0.25000000000000017,0,0,0
BenignDiverse,12,attackNode,5,0.05,,,,0,0,,,0.25000000000000017,0,0,0
BenignDiverse,12,attackNode,6,0.06,,,,0,0,,,0.25000000000000033,0,0,0
BenignDiverse,12,attackNode,7,0.07,,,,0,0,,,0.25000000000000033,0,0,0
BenignDiverse,12,attackNode,8,0.08,,,,0,0,,,0.25000000000000033,0,0,0
BenignDiverse,12,attackNode,9,0.09,,,,0,0,,,0.25000000000000033,0,0,0
BenignDiverse,12,attackNode,10,0.1,,,,0,0,,,0.24999999999999895,0,0,0
BenignDiverse,12,attackNode,11,0.11,,,,0,0,,,0.25000000000000033,0,0,0
BenignDiverse,12,attackNode,12,0.12,,,,0,0,,,0.24999999999998612,0,0,0
BenignDiverse,12,attackNode,13,0.13,,,,0,0,,,0.24999999999997224,0,0,0
BenignDiverse,12,attackNode,14,0.14,,,,0,0,,,0.250000000000025,0,0,0
BenignDiverse,13,av1,0,0.0,8.974595047272727e-05,1.3311403087482515e-12,500.0,1,111,3.4716906458333336,9.638699749126602,0.2500000000000001,2.0,0,0
BenignDiverse,13,av1,1,0.01,9.004237664545455e-05,1.403367727077714e-12,500.0,1,111,,,0.24999999999999986,0,0,0
BenignDiverse,13,av1,2,0.02,8.984040499090907e-05,1.4572564822632278e-12,500.0,1,111,,,0.2500000000000003,0,0,0
BenignDiverse,13,av1,3,0.03,9.004419744545454e-05,1.4123881139665158e-12,500.0,1,111,,,0.25000000000000017,0,0,0
BenignDiverse,13,av1,4,0.04,9.008436355454549e-05,1.2291783796259537e-12,500.0,1,111,,,0.25000000000000017,0,0,0
BenignDiverse,13,av1,5,0.05,8.990512026363633e-05,1.2484228435968547e-12,500.0,1,111,,,0.25000000000000017,0,0,0
BenignDiverse,13,av1,6,0.06,8.992470245945946e-05,1.2865512400799274e-12,500.0,1,112,,,0.25000000000000033,0,0,0
BenignDiverse,13,av1,7,0.07,8.997031382727282e-05,1.4346286736262032e-12,500.0,1,111,,,0.25000000000000033,0,0,0
BenignDiverse,13,av1,8,0.08,9.000735445454554e-05,1.1637019736506823e-12,500.0,1,111,,,0.25000000000000033,0,0,0
BenignDiverse,13,av1,9,0.09,9.000108600909092e-05,1.4614088567626214e-12,500.0,1,111,,,0.25000000000000033,0,0,0
BenignDiverse,13,av1,10,0.1,9.000282019090914e-05,1.5035423138300537e-12,500.0,1,111,,,0.24999999999999895,0,0,0
BenignDiverse,13,av1,11,0.11,9.004375541818192e-05,1.2380942249587398e-12,500.0,1,111,,,0.25000000000000033,0,0,0
BenignDiverse,13,av1,12,0.12,8.985197131818183e-05,1.201875654232856e-12,500.0,1,111,,,0.24999999999998612,0,0,0
BenignDiverse,13,av1,13,0.13,9.014384542727274e-05,1.3471081798170647e-12,500.0,1,111,,,0.24999999999997224,0,0,0
BenignDiverse,13,av1,14,0.14,9.003002299090896e-05,1.3639649581452354e-12,500.0,1,111,,,0.250000000000025,0,0,0
BenignDiverse,13,av2,0,0.0,9.008748533027523e-05,1.4196039192766226e-12,500.0,1,110,3.547394520833334,11.109174669893518,0.2500000000000001,3.0,0,0
BenignDiverse,13,av2,1,0.01,8.997486092727274e-05,1.3724636580004393e-12,500.0,1,111,,,0.24999999999999986,0,0,0
BenignDiverse,13,av2,2,0.02,8.992206311818181e-05,1.3453062096199155e-12,500.0,1,111,,,0.2500000000000003,0,0,0
BenignDiverse,13,av2,3,0.03,9.012160625454544e-05,1.2380698335132543e-12,500.0,1,111,,,0.25000000000000017,0,0,0
BenignDiverse,13,av2,4,0.04,9.001077444545457e-05,1.2664596083824337e-12,500.0,1,111,,,0.25000000000000017,0,0,0
BenignDiverse,13,av2,5,0.05,8.988849931531531e-05,1.2187092419746607e-12,500.0,1,112,,,0.25000000000000017,0,0,0
BenignDiverse,13,av2,6,0.06,8.99619373909091e-05,1.3634446021425266e-12,500.0,1,111,,,0.25000000000000033,0,0,0
BenignDiverse,13,av2,7,0.07,9.009175326363642e-05,1.3342291693972016e-12,500.0,1,111,,,0.25000000000000033,0,0,0
BenignDiverse,13,av2,8,0.08,8.988042569090905e-05,1.2584943449649475e-12,500.0,1,111,,,0.25000000000000033,0,0,0
BenignDiverse,13,av2,9,0.09,8.982914714545451e-05,1.3627579616094682e-12,500.0,1,111,,,0.25000000000000033,0,0,0
BenignDiverse,13,av2,10,0.1,9.01009626909091e-05,1.1319758009456245e-12,500.0,1,111,,,0.24999999999999895,0,0,0
BenignDiverse,13,av2,11,0.11,8.991634356756749e-05,1.3476680456207687e-12,500.0,1,112,,,0.25000000000000033,0,0,0
BenignDiverse,13,av2,12,0.12,9.002382449090906e-05,1.3678808150995571e-12,500.0,1,111,,,0.24999999999998612,0,0,0
BenignDiverse,13,av2,13,0.13,9.015079600909091e-05,1.3575572821611606e-12,500.0,1,111,,,0.24999999999997224,0,0,0
BenignDiverse,13,av2,14,0.14,9.001794045454562e-05,1.310834258983686e-12,500.0,1,111,,,0.250000000000025,0,0,0
BenignDiverse,13,radarNode,0,0.0,0.0005004584653684211,1.1664719376606691e-11,64.0,1,20,3.163004833333334,8.655950078098158,0.2500000000000001,2.0,0,0
BenignDiverse,13,radarNode,1,0.01,0.0004997311441578947,8.89705365428547e-12,64.0,1,20,,,0.24999999999999986,0,0,0
BenignDiverse,13,radarNode,2,0.02,0.0004999899021052634,8.419832253541926e-12,64.0,1,20,,,0.2500000000000003,0,0,0
BenignDiverse,13,radarNode,3,0.03,0.0004996719169473685,1.1146057918922657e-11,64.0,1,20,,,0.25000000000000017,0,0,0
BenignDiverse,13,radarNode,4,0.04,0.0004996292821052631,1.0272903889164979e-11,64.0,1,20,,,0.25000000000000017,0,0,0
BenignDiverse,13,radarNode,5,0.05,0.0004999177645263157,9.425345116015725e-12,64.0,1,20,,,0.25000000000000017,0,0,0
BenignDiverse,13,radarNode,6,0.06,0.0005014923775263161,1.0327866021388447e-11,64.0,1,20,,,0.25000000000000033,0,0,0
BenignDiverse,13,radarNode,7,0.07,0.0005008056351052633,9.09873873106863e-12,64.0,1,20,,,0.25000000000000033,0,0,0
BenignDiverse,13,radarNode,8,0.08,0.0004994250367894742,1.0998264665203496e-11,64.0,1,20,,,0.25000000000000033,0,0,0
BenignDiverse,13,radarNode,9,0.09,0.0004990090397894734,6.292363742028763e-12,64.0,1,20,,,0.25000000000000033,0,0,0
BenignDiverse,13,radarNode,10,0.1,0.000500060224157895,8.697509006346202e-12,64.0,1,20,,,0.24999999999999895,0,0,0
BenignDiverse,13,radarNode,11,0.11,0.0004999612943684213,7.563429251393819e-12,64.0,1,20,,,0.25000000000000033,0,0,0
BenignDiverse,13,radarNode,12,0.12,0.0004995424492105259,8.216585184370849e-12,64.0,1,20,,,0.24999999999998612,0,0,0
BenignDiverse,13,radarNode,13,0.13,0.0005015002459999993,6.669579636083402e-12,64.0,1,20,,,0.24999999999997224,0,0,0
BenignDiverse,13,radarNode,14,0.14,0.0004985441065263154,5.545546151265104e-12,64.0,1,20,,,0.250000000000025,0,0,0
BenignDiverse,13,zonalHost,0,0.0,0.00049967769265,7.067223296010614e-12,20.0,1,21,3.1844288958333338,8.314486411852599,0.2500000000000001,2.0,0,0
BenignDiverse,13,zonalHost,1,0.01,0.000498934182,1.0948873919231845e-11,20.0,1,20,,,0.24999999999999986,0,0,0
BenignDiverse,13,zonalHost,2,0.02,0.0005005761979473685,1.3112488768203225e-11,20.0,1,20,,,0.2500000000000003,0,0,0
BenignDiverse,13,zonalHost,3,0.03,0.000499790290263158,8.331741148080815e-12,20.0,1,20,,,0.25000000000000017,0,0,0
BenignDiverse,13,zonalHost,4,0.04,0.0005009786361052634,5.438437682800009e-12,20.0,1,20,,,0.25000000000000017,0,0,0
BenignDiverse,13,zonalHost,5,0.05,0.0005001175030526316,7.133550489951186e-12,20.0,1,20,,,0.25000000000000017,0,0,0
BenignDiverse,13,zonalHost,6,0.06,0.0005006875642777781,1.3628861359779675e-11,20.0,1,19,,,0.25000000000000033,0,0,0
BenignDiverse,13,zonalHost,7,0.07,0.0005004871418421057,1.0257748187957458e-11,20.0,1,20,,,0.25000000000000033,0,0,0
BenignDiverse,13,zonalHost,8,0.08,0.0005007042380526319,1.1708038699832326e-11,20.0,1,20,,,0.25000000000000033,0,0,0
BenignDiverse,13,zonalHost,9,0.09,0.0005006996869473687,7.849543071765222e-12,20.0,1,20,,,0.25000000000000033,0,0,0
BenignDiverse,13,zonalHost,10,0.1,0.0004998894258947366,1.2808742025248906e-11,20.0,1,20,,,0.24999999999999895,0,0,0
BenignDiverse,13,zonalHost,11,0.11,0.000500021422947369,4.311647389927348e-12,20.0,1,20,,,0.25000000000000033,0,0,0
BenignDiverse,13,zonalHost,12,0.12,0.0004998118572105262,1.0802480197268728e-11,20.0,1,20,,,0.24999999999998612,0,0,0
BenignDiverse,13,zonalHost,13,0.13,0.0005006883840000005,5.4927822461471725e-12,20.0,1,20,,,0.24999999999997224,0,0,0
BenignDiverse,13,zonalHost,14,0.14,0.0004989419538947379,6.243131019851848e-12,20.0,1,20,,,0.250000000000025,0,0,0
BenignDiverse,13,attackNode,0,0.0,,,,0,0,2.504061187500001,6.771013093947047,0.2500000000000001,3.0,0,0
BenignDiverse,13,attackNode,1,0.01,,,,0,0,,,0.24999999999999986,0,0,0
BenignDiverse,13,attackNode,2,0.02,,,,0,0,,,0.2500000000000003,0,0,0
BenignDiverse,13,attackNode,3,0.03,,,,0,0,,,0.25000000000000017,0,0,0
BenignDiverse,13,attackNode,4,0.04,,,,0,0,,,0.25000000000000017,0,0,0
BenignDiverse,13,attackNode,5,0.05,,,,0,0,,,0.25000000000000017,0,0,0
BenignDiverse,13,attackNode,6,0.06,,,,0,0,,,0.25000000000000033,0,0,0
BenignDiverse,13,attackNode,7,0.07,,,,0,0,,,0.25000000000000033,0,0,0
BenignDiverse,13,attackNode,8,0.08,,,,0,0,,,0.25000000000000033,0,0,0
BenignDiverse,13,attackNode,9,0.09,,,,0,0,,,0.25000000000000033,0,0,0
BenignDiverse,13,attackNode,10,0.1,,,,0,0,,,0.24999999999999895,0,0,0
BenignDiverse,13,attackNode,11,0.11,,,,0,0,,,0.25000000000000033,0,0,0
BenignDiverse,13,attackNode,12,0.12,,,,0,0,,,0.24999999999998612,0,0,0
BenignDiverse,13,attackNode,13,0.13,,,,0,0,,,0.24999999999997224,0,0,0
BenignDiverse,13,attackNode,14,0.14,,,,0,0,,,0.250000000000025,0,0,0
BenignDiverse,14,av1,0,0.0,8.995895583636363e-05,1.3745911757537136e-12,500.0,1,111,3.2690072500000005,9.01552680310836,0.2500000000000001,2.0,0,0
BenignDiverse,14,av1,1,0.01,8.996491592727273e-05,1.2774687129499605e-12,500.0,1,111,,,0.24999999999999986,0,0,0
BenignDiverse,14,av1,2,0.02,9.008680907272726e-05,1.2699181314826353e-12,500.0,1,111,,,0.2500000000000003,0,0,0
BenignDiverse,14,av1,3,0.03,8.988101789090907e-05,1.3008825496920696e-12,500.0,1,111,,,0.25000000000000017,0,0,0
BenignDiverse,14,av1,4,0.04,8.984506023636363e-05,1.2362212001669033e-12,500.0,1,111,,,0.25000000000000017,0,0,0
BenignDiverse,14,av1,5,0.05,9.008346306363638e-05,1.4500191023077984e-12,500.0,1,111,,,0.25000000000000017,0,0,0
BenignDiverse,14,av1,6,0.06,9.006809253636364e-05,1.3296832688433518e-12,500.0,1,111,,,0.25000000000000033,0,0,0
BenignDiverse,14,av1,7,0.07,8.993251894545455e-05,1.2793722807841947e-12,500.0,1,111,,,0.25000000000000033,0,0,0
BenignDiverse,14,av1,8,0.08,8.985049412612609e-05,1.093896453453083e-12,500.0,1,112,,,0.25000000000000033,0,0,0
BenignDiverse,14,av1,9,0.09,9.000134411818183e-05,1.1300659798101885e-12,500.0,1,111,,,0.25000000000000033,0,0,0
BenignDiverse,14,av1,10,0.1,9.017397792727271e-05,1.3675122118214112e-12,500.0,1,111,,,0.24999999999999895,0,0,0
BenignDiverse,14,av1,11,0.11,8.999228765454537e-05,1.3340248236139272e-12,500.0,1,111,,,0.25000000000000033,0,0,0
BenignDiverse,14,av1,12,0.12,9.000336297272725e-05,1.4646625784893395e-12,500.0,1,111,,,0.24999999999998612,0,0,0
BenignDiverse,14,av1,13,0.13,8.999644771818174e-05,1.3399240315443754e-12,500.0,1,111,,,0.24999999999997224,0,0,0
BenignDiverse,14,av1,14,0.14,9.019692568181802e-05,1.0152607142558836e-12,500.0,1,111,,,0.250000000000025,0,0,0
BenignDiverse,14,av2,0,0.0,8.989408643119266e-05,1.4486654807331556e-12,500.0,1,110,3.579527645833333,11.406188985702792,0.2500000000000001,3.0,0,0
BenignDiverse,14,av2,1,0.01,8.993647458181818e-05,1.209917454867175e-12,500.0,1,111,,,0.24999999999999986,0,0,0
BenignDiverse,14,av2,2,0.02,9.025257528181818e-05,1.3420887817678557e-12,500.0,1,111,,,0.2500000000000003,0,0,0
BenignDiverse,14,av2,3,0.03,9.003345315454546e-05,1.5055173115258895e-12,500.0,1,111,,,0.25000000000000017,0,0,0
BenignDiverse,14,av2,4,0.04,8.994132523636368e-05,1.3832006904272046e-12,500.0,1,111,,,0.25000000000000017,0,0,0
BenignDiverse,14,av2,5,0.05,9.006268410000004e-05,1.3693786767467486e-12,500.0,1,111,,,0.25000000000000017,0,0,0
BenignDiverse,14,av2,6,0.06,8.995704296396403e-05,1.2482783139283418e-12,500.0,1,112,,,0.25000000000000033,0,0,0
BenignDiverse,14,av2,7,0.07,8.971638850909097e-05,1.2206696929867228e-12,500.0,1,111,,,0.25000000000000033,0,0,0
BenignDiverse,14,av2,8,0.08,9.009665024545457e-05,1.4128208241908525e-12,500.0,1,111,,,0.25000000000000033,0,0,0
BenignDiverse,14,av2,9,0.09,9.008468089090918e-05,1.510579641918869e-12,500.0,1,111,,,0.25000000000000033,0,0,0
BenignDiverse,14,av2,10,0.1,9.026090944545451e-05,1.3987804895331678e-12,500.0,1,111,,,0.24999999999999895,0,0,0
BenignDiverse,14,av2,11,0.11,9.008966822727278e-05,1.2774261246563866e-12,500.0,1,111,,,0.25000000000000033,0,0,0
BenignDiverse,14,av2,12,0.12,8.997811886363652e-05,1.3674404767643483e-12,500.0,1,111,,,0.24999999999998612,0,0,0
BenignDiverse,14,av2,13,0.13,9.005226823636374e-05,1.3653163753241597e-12,500.0,1,111,,,0.24999999999997224,0,0,0
BenignDiverse,14,av2,14,0.14,9.016255247272737e-05,1.181425753938484e-12,500.0,1,111,,,0.250000000000025,0,0,0
BenignDiverse,14,radarNode,0,0.0,0.0004993308528421053,8.410480152148045e-12,64.0,1,20,3.503256604166667,9.775436868436126,0.2500000000000001,2.0,0,0
BenignDiverse,14,radarNode,1,0.01,0.0004996347759999999,9.619725800038162e-12,64.0,1,20,,,0.24999999999999986,0,0,0
BenignDiverse,14,radarNode,2,0.02,0.0005001787906315791,7.81943594076688e-12,64.0,1,20,,,0.2500000000000003,0,0,0
BenignDiverse,14,radarNode,3,0.03,0.0005006551784210528,8.101336383905011e-12,64.0,1,20,,,0.25000000000000017,0,0,0
BenignDiverse,14,radarNode,4,0.04,0.0004998793362105264,1.0899409102053459e-11,64.0,1,20,,,0.25000000000000017,0,0,0
BenignDiverse,14,radarNode,5,0.05,0.0005003744734210528,7.871838822789292e-12,64.0,1,20,,,0.25000000000000017,0,0,0
BenignDiverse,14,radarNode,6,0.06,0.0005007103349473688,7.68096058069657e-12,64.0,1,20,,,0.25000000000000033,0,0,0
BenignDiverse,14,radarNode,7,0.07,0.0005009204444736842,8.301830275976371e-12,64.0,1,20,,,0.25000000000000033,0,0,0
BenignDiverse,14,radarNode,8,0.08,0.0005001647753157892,1.0006672653847674e-11,64.0,1,20,,,0.25000000000000033,0,0,0
BenignDiverse,14,radarNode,9,0.09,0.0005008730976842105,9.003284520546942e-12,64.0,1,20,,,0.25000000000000033,0,0,0
BenignDiverse,14,radarNode,10,0.1,0.0005011910298421057,9.683240083918023e-12,64.0,1,20,,,0.24999999999999895,0,0,0
BenignDiverse,14,radarNode,11,0.11,0.000499611973315789,6.504437668426564e-12,64.0,1,20,,,0.25000000000000033,0,0,0
BenignDiverse,14,radarNode,12,0.12,0.0004999142491578943,6.3968143474092135e-12,64.0,1,20,,,0.24999999999998612,0,0,0
BenignDiverse,14,radarNode,13,0.13,0.0005010076503157888,1.0217740163568696e-11,64.0,1,20,,,0.24999999999997224,0,0,0
BenignDiverse,14,radarNode,14,0.14,0.0004999622186315792,8.89531434734592e-12,64.0,1,20,,,0.250000000000025,0,0,0
BenignDiverse,14,zonalHost,0,0.0,0.0004996911861052632,8.11654186109571e-12,20.0,1,20,3.1897648125,8.365232576300286,0.2500000000000001,2.0,0,0
BenignDiverse,14,zonalHost,1,0.01,0.0005001381190526316,7.224947206832326e-12,20.0,1,20,,,0.24999999999999986,0,0,0
BenignDiverse,14,zonalHost,2,0.02,0.0005010264934736842,7.293888154181224e-12,20.0,1,20,,,0.2500000000000003,0,0,0
BenignDiverse,14,zonalHost,3,0.03,0.0004991817724210528,8.378885493283055e-12,20.0,1,20,,,0.25000000000000017,0,0,0
BenignDiverse,14,zonalHost,4,0.04,0.0005012522686315789,4.7117673393453086e-12,20.0,1,20,,,0.25000000000000017,0,0,0
BenignDiverse,14,zonalHost,5,0.05,0.0004997973145789476,9.540899468603115e-12,20.0,1,20,,,0.25000000000000017,0,0,0
BenignDiverse,14,zonalHost,6,0.06,0.0005010734031052629,1.0916885728287961e-11,20.0,1,20,,,0.25000000000000033,0,0,0
BenignDiverse,14,zonalHost,7,0.07,0.0005001885311052629,7.239526439557691e-12,20.0,1,20,,,0.25000000000000033,0,0,0
BenignDiverse,14,zonalHost,8,0.08,0.000500651211315789,6.537137172094102e-12,20.0,1,20,,,0.25000000000000033,0,0,0
BenignDiverse,14,zonalHost,9,0.09,0.0004997856858421058,8.471432541561426e-12,20.0,1,20,,,0.25000000000000033,0,0,0
BenignDiverse,14,zonalHost,10,0.1,0.0004999558307368427,6.011710218732513e-12,20.0,1,20,,,0.24999999999999895,0,0,0
BenignDiverse,14,zonalHost,11,0.11,0.0004996861231052635,9.143946357922544e-12,20.0,1,20,,,0.25000000000000033,0,0,0
BenignDiverse,14,zonalHost,12,0.12,0.0005001716073684212,1.0280737150495442e-11,20.0,1,20,,,0.24999999999998612,0,0,0
BenignDiverse,14,zonalHost,13,0.13,0.0005007618407894748,8.078912839571932e-12,20.0,1,20,,,0.24999999999997224,0,0,0
BenignDiverse,14,zonalHost,14,0.14,0.0005001787594736845,1.0902886821834969e-11,20.0,1,20,,,0.250000000000025,0,0,0
BenignDiverse,14,attackNode,0,0.0,,,,0,0,2.5361943125,6.969971084617538,0.2500000000000001,3.0,0,0
BenignDiverse,14,attackNode,1,0.01,,,,0,0,,,0.24999999999999986,0,0,0
BenignDiverse,14,attackNode,2,0.02,,,,0,0,,,0.2500000000000003,0,0,0
BenignDiverse,14,attackNode,3,0.03,,,,0,0,,,0.25000000000000017,0,0,0
BenignDiverse,14,attackNode,4,0.04,,,,0,0,,,0.25000000000000017,0,0,0
BenignDiverse,14,attackNode,5,0.05,,,,0,0,,,0.25000000000000017,0,0,0
BenignDiverse,14,attackNode,6,0.06,,,,0,0,,,0.25000000000000033,0,0,0
BenignDiverse,14,attackNode,7,0.07,,,,0,0,,,0.25000000000000033,0,0,0
BenignDiverse,14,attackNode,8,0.08,,,,0,0,,,0.25000000000000033,0,0,0
BenignDiverse,14,attackNode,9,0.09,,,,0,0,,,0.25000000000000033,0,0,0
BenignDiverse,14,attackNode,10,0.1,,,,0,0,,,0.24999999999999895,0,0,0
BenignDiverse,14,attackNode,11,0.11,,,,0,0,,,0.25000000000000033,0,0,0
BenignDiverse,14,attackNode,12,0.12,,,,0,0,,,0.24999999999998612,0,0,0
BenignDiverse,14,attackNode,13,0.13,,,,0,0,,,0.24999999999997224,0,0,0
BenignDiverse,14,attackNode,14,0.14,,,,0,0,,,0.250000000000025,0,0,0
BenignDiverse,15,av1,0,0.0,8.992454057272728e-05,1.3214953075732078e-12,500.0,1,111,3.513826145833333,9.773461807548209,0.2500000000000001,2.0,0,0
BenignDiverse,15,av1,1,0.01,9.002744523636363e-05,1.3962448872199046e-12,500.0,1,111,,,0.24999999999999986,0,0,0
BenignDiverse,15,av1,2,0.02,9.009896634545455e-05,1.396116324348061e-12,500.0,1,111,,,0.2500000000000003,0,0,0
BenignDiverse,15,av1,3,0.03,8.990572447272727e-05,1.3496484923361031e-12,500.0,1,111,,,0.25000000000000017,0,0,0
BenignDiverse,15,av1,4,0.04,8.97591741727273e-05,1.1145572677769917e-12,500.0,1,111,,,0.25000000000000017,0,0,0
BenignDiverse,15,av1,5,0.05,8.991248944545457e-05,1.5274091847229562e-12,500.0,1,111,,,0.25000000000000017,0,0,0
BenignDiverse,15,av1,6,0.06,8.985826298198194e-05,1.24643721968415e-12,500.0,1,112,,,0.25000000000000033,0,0,0
BenignDiverse,15,av1,7,0.07,8.99286571363636e-05,1.183387344485207e-12,500.0,1,111,,,0.25000000000000033,0,0,0
BenignDiverse,15,av1,8,0.08,8.981472949090914e-05,1.4240712562699387e-12,500.0,1,111,,,0.25000000000000033,0,0,0
BenignDiverse,15,av1,9,0.09,8.998495157272732e-05,1.2749471539711502e-12,500.0,1,111,,,0.25000000000000033,0,0,0
BenignDiverse,15,av1,10,0.1,9.022255988181808e-05,1.2939785221360994e-12,500.0,1,111,,,0.24999999999999895,0,0,0
BenignDiverse,15,av1,11,0.11,9.017590320909102e-05,1.465183061219442e-12,500.0,1,111,,,0.25000000000000033,0,0,0
BenignDiverse,15,av1,12,0.12,9.011980352727261e-05,1.217938089123863e-12,500.0,1,111,,,0.24999999999998612,0,0,0
BenignDiverse,15,av1,13,0.13,9.00219415818183e-05,1.2233702784586296e-12,500.0,1,111,,,0.24999999999997224,0,0,0
BenignDiverse,15,av1,14,0.14,8.980751310810812e-05,1.4053061513709416e-12,500.0,1,112,,,0.250000000000025,0,0,0
BenignDiverse,15,av2,0,0.0,8.996523164220184e-05,1.4423245540028975e-12,500.0,1,110,3.5806406041666663,11.332223094370145,0.2500000000000001,3.0,0,0
BenignDiverse,15,av2,1,0.01,9.006396334545455e-05,1.4731301710943424e-12,500.0,1,111,,,0.24999999999999986,0,0,0
BenignDiverse,15,av2,2,0.02,9.007946667272727e-05,1.2947013556445829e-12,500.0,1,111,,,0.2500000000000003,0,0,0
BenignDiverse,15,av2,3,0.03,9.002261572727276e-05,1.4965753330745108e-12,500.0,1,111,,,0.25000000000000017,0,0,0
BenignDiverse,15,av2,4,0.04,8.97266846036036e-05,1.3230207787536961e-12,500.0,1,112,,,0.25000000000000017,0,0,0
BenignDiverse,15,av2,5,0.05,8.995007686363635e-05,1.208418698880356e-12,500.0,1,111,,,0.25000000000000017,0,0,0
BenignDiverse,15,av2,6,0.06,9.016810122727272e-05,1.16647263798847e-12,500.0,1,111,,,0.25000000000000033,0,0,0
BenignDiverse,15,av2,7,0.07,9.01525325636364e-05,1.4546208959770946e-12,500.0,1,111,,,0.25000000000000033,0,0,0
BenignDiverse,15,av2,8,0.08,9.011919349999998e-05,1.2377686826221326e-12,500.0,1,111,,,0.25000000000000033,0,0,0
BenignDiverse,15,av2,9,0.09,9.027971554128442e-05,1.2372824544255788e-12,500.0,1,110,,,0.25000000000000033,0,0,0
BenignDiverse,15,av2,10,0.1,8.999571821621623e-05,1.4059914377388462e-12,500.0,1,112,,,0.24999999999999895,0,0,0
BenignDiverse,15,av2,11,0.11,8.99174999545454e-05,1.2463616105288418e-12,500.0,1,111,,,0.25000000000000033,0,0,0
BenignDiverse,15,av2,12,0.12,9.011530975454546e-05,1.4587110974288641e-12,500.0,1,111,,,0.24999999999998612,0,0,0
BenignDiverse,15,av2,13,0.13,8.99889658909091e-05,1.2180350435005662e-12,500.0,1,111,,,0.24999999999997224,0,0,0
BenignDiverse,15,av2,14,0.14,8.997441000909081e-05,1.3723699712775533e-12,500.0,1,111,,,0.250000000000025,0,0,0
BenignDiverse,15,radarNode,0,0.0,0.0005004728218421053,9.386827050007359e-12,64.0,1,20,3.2147001666666664,8.871051178030042,0.2500000000000001,2.0,0,0
BenignDiverse,15,radarNode,1,0.01,0.0004991159201052632,1.1388003016922848e-11,64.0,1,20,,,0.24999999999999986,0,0,0
BenignDiverse,15,radarNode,2,0.02,0.0005004891893157894,1.0208868538864962e-11,64.0,1,20,,,0.2500000000000003,0,0,0
BenignDiverse,15,radarNode,3,0.03,0.0004995130305263158,7.848887321566392e-12,64.0,1,20,,,0.25000000000000017,0,0,0
BenignDiverse,15,radarNode,4,0.04,0.000499082316263158,9.081392681484149e-12,64.0,1,20,,,0.25000000000000017,0,0,0
BenignDiverse,15,radarNode,5,0.05,0.0005000404640000002,8.519188520218375e-12,64.0,1,20,,,0.25000000000000017,0,0,0
BenignDiverse,15,radarNode,6,0.06,0.0005001974912631578,5.31975636601755e-12,64.0,1,20,,,0.25000000000000033,0,0,0
BenignDiverse,15,radarNode,7,0.07,0.0005008163249999995,1.0451768063277652e-11,64.0,1,20,,,0.25000000000000033,0,0,0
BenignDiverse,15,radarNode,8,0.08,0.0005001478961578947,7.0390078606825496e-12,64.0,1,20,,,0.25000000000000033,0,0,0
BenignDiverse,15,radarNode,9,0.09,0.0005000734269473678,1.3628368542083845e-11,64.0,1,20,,,0.25000000000000033,0,0,0
BenignDiverse,15,radarNode,10,0.1,0.0004990729171052633,7.068320242501013e-12,64.0,1,20,,,0.24999999999999895,0,0,0
BenignDiverse,15,radarNode,11,0.11,0.0004996540877368419,8.231167792758692e-12,64.0,1,20,,,0.25000000000000033,0,0,0
BenignDiverse,15,radarNode,12,0.12,0.0005002254633157903,9.770809249573817e-12,64.0,1,20,,,0.24999999999998612,0,0,0
BenignDiverse,15,radarNode,13,0.13,0.0005000110245263157,6.2933401820252805e-12,64.0,1,20,,,0.24999999999997224,0,0,0
BenignDiverse,15,radarNode,14,0.14,0.0005001945586315787,8.339197304349158e-12,64.0,1,20,,,0.250000000000025,0,0,0
BenignDiverse,15,zonalHost,0,0.0,0.00049933073045,5.593942422816406e-12,20.0,1,21,3.2086500208333333,8.391810184028845,0.2500000000000001,2.0,0,0
BenignDiverse,15,zonalHost,1,0.01,0.0005007639029444445,4.90564824869452e-12,20.0,1,19,,,0.24999999999999986,0,0,0
BenignDiverse,15,zonalHost,2,0.02,0.0005001205191052631,7.52529935439141e-12,20.0,1,20,,,0.2500000000000003,0,0,0
BenignDiverse,15,zonalHost,3,0.03,0.00049943865265,8.902904935930993e-12,20.0,1,21,,,0.25000000000000017,0,0,0
BenignDiverse,15,zonalHost,4,0.04,0.0005016081960555555,5.592877068407078e-12,20.0,1,19,,,0.25000000000000017,0,0,0
BenignDiverse,15,zonalHost,5,0.05,0.0005004000725263156,1.0276640478396148e-11,20.0,1,20,,,0.25000000000000017,0,0,0
BenignDiverse,15,zonalHost,6,0.06,0.0005008614221052631,6.2973619735789425e-12,20.0,1,20,,,0.25000000000000033,0,0,0
BenignDiverse,15,zonalHost,7,0.07,0.0004997442862105261,6.955654635868718e-12,20.0,1,20,,,0.25000000000000033,0,0,0
BenignDiverse,15,zonalHost,8,0.08,0.0005005127348421051,8.467786199926293e-12,20.0,1,20,,,0.25000000000000033,0,0,0
BenignDiverse,15,zonalHost,9,0.09,0.0004994918588421052,4.595721650757549e-12,20.0,1,20,,,0.25000000000000033,0,0,0
BenignDiverse,15,zonalHost,10,0.1,0.0004992418897894735,6.528891534677131e-12,20.0,1,20,,,0.24999999999999895,0,0,0
BenignDiverse,15,zonalHost,11,0.11,0.0005014158642631581,7.875842152372152e-12,20.0,1,20,,,0.25000000000000033,0,0,0
BenignDiverse,15,zonalHost,12,0.12,0.0004994336635789471,7.900601805267712e-12,20.0,1,20,,,0.24999999999998612,0,0,0
BenignDiverse,15,zonalHost,13,0.13,0.0005002985042105256,9.970092506912116e-12,20.0,1,20,,,0.24999999999997224,0,0,0
BenignDiverse,15,zonalHost,14,0.14,0.0005005282375789478,1.1966340557678402e-11,20.0,1,20,,,0.250000000000025,0,0,0
BenignDiverse,15,attackNode,0,0.0,,,,0,0,2.5373072708333333,6.948808048020588,0.2500000000000001,3.0,0,0
BenignDiverse,15,attackNode,1,0.01,,,,0,0,,,0.24999999999999986,0,0,0
BenignDiverse,15,attackNode,2,0.02,,,,0,0,,,0.2500000000000003,0,0,0
BenignDiverse,15,attackNode,3,0.03,,,,0,0,,,0.25000000000000017,0,0,0
BenignDiverse,15,attackNode,4,0.04,,,,0,0,,,0.25000000000000017,0,0,0
BenignDiverse,15,attackNode,5,0.05,,,,0,0,,,0.25000000000000017,0,0,0
BenignDiverse,15,attackNode,6,0.06,,,,0,0,,,0.25000000000000033,0,0,0
BenignDiverse,15,attackNode,7,0.07,,,,0,0,,,0.25000000000000033,0,0,0
BenignDiverse,15,attackNode,8,0.08,,,,0,0,,,0.25000000000000033,0,0,0
BenignDiverse,15,attackNode,9,0.09,,,,0,0,,,0.25000000000000033,0,0,0
BenignDiverse,15,attackNode,10,0.1,,,,0,0,,,0.24999999999999895,0,0,0
BenignDiverse,15,attackNode,11,0.11,,,,0,0,,,0.25000000000000033,0,0,0
BenignDiverse,15,attackNode,12,0.12,,,,0,0,,,0.24999999999998612,0,0,0
BenignDiverse,15,attackNode,13,0.13,,,,0,0,,,0.24999999999997224,0,0,0
BenignDiverse,15,attackNode,14,0.14,,,,0,0,,,0.250000000000025,0,0,0
BenignDiverse,16,av1,0,0.0,9.005410377981652e-05,1.2556225135061445e-12,500.0,1,110,3.039331083333333,8.366612310988994,0.2500000000000001,2.0,0,0
BenignDiverse,16,av1,1,0.01,8.983818498198199e-05,1.2737379265608e-12,500.0,1,112,,,0.24999999999999986,0,0,0
BenignDiverse,16,av1,2,0.02,8.988437276363636e-05,1.4612179077515064e-12,500.0,1,111,,,0.2500000000000003,0,0,0
BenignDiverse,16,av1,3,0.03,8.998106863636366e-05,1.1841095985318407e-12,500.0,1,111,,,0.25000000000000017,0,0,0
BenignDiverse,16,av1,4,0.04,8.985915688181817e-05,1.2638950513742225e-12,500.0,1,111,,,0.25000000000000017,0,0,0
BenignDiverse,16,av1,5,0.05,9.008122714545453e-05,1.264785327120895e-12,500.0,1,111,,,0.25000000000000017,0,0,0
BenignDiverse,16,av1,6,0.06,8.977657250450451e-05,1.3731870187197827e-12,500.0,1,112,,,0.25000000000000033,0,0,0
BenignDiverse,16,av1,7,0.07,9.007213337272726e-05,1.4374834351225719e-12,500.0,1,111,,,0.25000000000000033,0,0,0
BenignDiverse,16,av1,8,0.08,8.999150130909082e-05,1.3038443625717843e-12,500.0,1,111,,,0.25000000000000033,0,0,0
BenignDiverse,16,av1,9,0.09,9.004723831818177e-05,1.31093027998904e-12,500.0,1,111,,,0.25000000000000033,0,0,0
BenignDiverse,16,av1,10,0.1,9.010340462727269e-05,1.1937015912283457e-12,500.0,1,111,,,0.24999999999999895,0,0,0
BenignDiverse,16,av1,11,0.11,9.010776943636362e-05,1.3286566099838187e-12,500.0,1,111,,,0.25000000000000033,0,0,0
BenignDiverse,16,av1,12,0.12,9.00961288090909e-05,1.3756319632302633e-12,500.0,1,111,,,0.24999999999998612,0,0,0
BenignDiverse,16,av1,13,0.13,9.002895228181838e-05,1.3854573058984695e-12,500.0,1,111,,,0.24999999999997224,0,0,0
BenignDiverse,16,av1,14,0.14,8.993395215454548e-05,1.358143460252213e-12,500.0,1,111,,,0.250000000000025,0,0,0
BenignDiverse,16,av2,0,0.0,9.006036501834862e-05,1.3787530540590638e-12,500.0,1,110,3.4605876875000003,10.824084584194539,0.2500000000000001,3.0,0,0
BenignDiverse,16,av2,1,0.01,9.003343765454547e-05,1.2396767869557998e-12,500.0,1,111,,,0.24999999999999986,0,0,0
BenignDiverse,16,av2,2,0.02,8.992142905454547e-05,1.5021693232726139e-12,500.0,1,111,,,0.2500000000000003,0,0,0
BenignDiverse,16,av2,3,0.03,9.011382902727272e-05,1.3100718528146948e-12,500.0,1,111,,,0.25000000000000017,0,0,0
BenignDiverse,16,av2,4,0.04,8.992437218181819e-05,1.45194730659164e-12,500.0,1,111,,,0.25000000000000017,0,0,0
BenignDiverse,16,av2,5,0.05,8.986055673873874e-05,1.35555312463561e-12,500.0,1,112,,,0.25000000000000017,0,0,0
BenignDiverse,16,av2,6,0.06,9.004530782727273e-05,1.4901964624902376e-12,500.0,1,111,,,0.25000000000000033,0,0,0
BenignDiverse,16,av2,7,0.07,9.001995685454537e-05,1.4777454450755562e-12,500.0,1,111,,,0.25000000000000033,0,0,0
BenignDiverse,16,av2,8,0.08,9.001214678181819e-05,1.2407783026993918e-12,500.0,1,111,,,0.25000000000000033,0,0,0
BenignDiverse,16,av2,9,0.09,9.004465933636364e-05,1.3571091869880806e-12,500.0,1,111,,,0.25000000000000033,0,0,0
BenignDiverse,16,av2,10,0.1,8.978182520909097e-05,1.305641450759423e-12,500.0,1,111,,,0.24999999999999895,0,0,0
BenignDiverse,16,av2,11,0.11,9.004615126363641e-05,1.3713914658231617e-12,500.0,1,111,,,0.25000000000000033,0,0,0
BenignDiverse,16,av2,12,0.12,9.004863865454556e-05,1.2852786773069625e-12,500.0,1,111,,,0.24999999999998612,0,0,0
BenignDiverse,16,av2,13,0.13,9.000750112612613e-05,1.4050752852775638e-12,500.0,1,112,,,0.24999999999997224,0,0,0
BenignDiverse,16,av2,14,0.14,9.003372435454525e-05,1.281024046738895e-12,500.0,1,111,,,0.250000000000025,0,0,0
BenignDiverse,16,radarNode,0,0.0,0.0004988833324210527,8.9006147791616e-12,64.0,1,20,3.353066437499999,9.44917029261379,0.2500000000000001,2.0,0,0
BenignDiverse,16,radarNode,1,0.01,0.0005000879445263157,8.130737179626365e-12,64.0,1,20,,,0.24999999999999986,0,0,0
BenignDiverse,16,radarNode,2,0.02,0.0004987818626842104,5.562132738042785e-12,64.0,1,20,,,0.2500000000000003,0,0,0
BenignDiverse,16,radarNode,3,0.03,0.0005002561733157895,8.046772031636788e-12,64.0,1,20,,,0.25000000000000017,0,0,0
BenignDiverse,16,radarNode,4,0.04,0.0004991646710000001,1.1789856358345475e-11,64.0,1,20,,,0.25000000000000017,0,0,0
BenignDiverse,16,radarNode,5,0.05,0.0005001471762631581,8.372783763937302e-12,64.0,1,20,,,0.25000000000000017,0,0,0
BenignDiverse,16,radarNode,6,0.06,0.0005006658248947369,8.695326040858145e-12,64.0,1,20,,,0.25000000000000033,0,0,0
BenignDiverse,16,radarNode,7,0.07,0.0005001295091578946,5.757114685388363e-12,64.0,1,20,,,0.25000000000000033,0,0,0
BenignDiverse,16,radarNode,8,0.08,0.0005001504531052627,8.148976690173178e-12,64.0,1,20,,,0.25000000000000033,0,0,0
BenignDiverse,16,radarNode,9,0.09,0.0005000160326315788,6.782251354456754e-12,64.0,1,20,,,0.25000000000000033,0,0,0
BenignDiverse,16,radarNode,10,0.1,0.00050046527468421,1.2882657692701657e-11,64.0,1,20,,,0.24999999999999895,0,0,0
BenignDiverse,16,radarNode,11,0.11,0.0004990482709473688,1.025253402038914e-11,64.0,1,20,,,0.25000000000000033,0,0,0
BenignDiverse,16,radarNode,12,0.12,0.000500556830526315,8.064415017616577e-12,64.0,1,20,,,0.24999999999998612,0,0,0
BenignDiverse,16,radarNode,13,0.13,0.0005001467515789478,6.9974717720450995e-12,64.0,1,20,,,0.24999999999997224,0,0,0
BenignDiverse,16,radarNode,14,0.14,0.0005009439647894742,1.0875728490376954e-11,64.0,1,20,,,0.250000000000025,0,0,0
BenignDiverse,16,zonalHost,0,0.0,0.0005005319595789474,7.979187588017566e-12,20.0,1,20,3.182941895833333,8.27683130497907,0.2500000000000001,2.0,0,0
BenignDiverse,16,zonalHost,1,0.01,0.0005001812209999999,1.0946288796456174e-11,20.0,1,20,,,0.24999999999999986,0,0,0
BenignDiverse,16,zonalHost,2,0.02,0.0004999100251578948,1.0281754672515222e-11,20.0,1,20,,,0.2500000000000003,0,0,0
BenignDiverse,16,zonalHost,3,0.03,0.0004992276764736842,8.515496466413289e-12,20.0,1,20,,,0.25000000000000017,0,0,0
BenignDiverse,16,zonalHost,4,0.04,0.0005001019432631579,7.375433610171924e-12,20.0,1,20,,,0.25000000000000017,0,0,0
BenignDiverse,16,zonalHost,5,0.05,0.0004996202563500001,7.963726260267053e-12,20.0,1,21,,,0.25000000000000017,0,0,0
BenignDiverse,16,zonalHost,6,0.06,0.0005003571138421055,9.570787165813788e-12,20.0,1,20,,,0.25000000000000033,0,0,0
BenignDiverse,16,zonalHost,7,0.07,0.0004995707246842106,1.1739469664944897e-11,20.0,1,20,,,0.25000000000000033,0,0,0
BenignDiverse,16,zonalHost,8,0.08,0.0004992854942631581,7.305705994866843e-12,20.0,1,20,,,0.25000000000000033,0,0,0
BenignDiverse,16,zonalHost,9,0.09,0.0004986549761052629,9.336215697564846e-12,20.0,1,20,,,0.25000000000000033,0,0,0
BenignDiverse,16,zonalHost,10,0.1,0.0004990072240526319,1.0289334118689242e-11,20.0,1,20,,,0.24999999999999895,0,0,0
BenignDiverse,16,zonalHost,11,0.11,0.0004993433266842105,7.16780497432996e-12,20.0,1,20,,,0.25000000000000033,0,0,0
BenignDiverse,16,zonalHost,12,0.12,0.0005004275889473681,4.809089897909597e-12,20.0,1,20,,,0.24999999999998612,0,0,0
BenignDiverse,16,zonalHost,13,0.13,0.0005001728311578959,7.546018558130014e-12,20.0,1,20,,,0.24999999999997224,0,0,0
BenignDiverse,16,zonalHost,14,0.14,0.0005018528895263151,6.740213702222159e-12,20.0,1,20,,,0.250000000000025,0,0,0
BenignDiverse,16,attackNode,0,0.0,,,,0,0,2.417254354166666,6.557257101315166,0.2500000000000001,3.0,0,0
BenignDiverse,16,attackNode,1,0.01,,,,0,0,,,0.24999999999999986,0,0,0
BenignDiverse,16,attackNode,2,0.02,,,,0,0,,,0.2500000000000003,0,0,0
BenignDiverse,16,attackNode,3,0.03,,,,0,0,,,0.25000000000000017,0,0,0
BenignDiverse,16,attackNode,4,0.04,,,,0,0,,,0.25000000000000017,0,0,0
BenignDiverse,16,attackNode,5,0.05,,,,0,0,,,0.25000000000000017,0,0,0
BenignDiverse,16,attackNode,6,0.06,,,,0,0,,,0.25000000000000033,0,0,0
BenignDiverse,16,attackNode,7,0.07,,,,0,0,,,0.25000000000000033,0,0,0
BenignDiverse,16,attackNode,8,0.08,,,,0,0,,,0.25000000000000033,0,0,0
BenignDiverse,16,attackNode,9,0.09,,,,0,0,,,0.25000000000000033,0,0,0
BenignDiverse,16,attackNode,10,0.1,,,,0,0,,,0.24999999999999895,0,0,0
BenignDiverse,16,attackNode,11,0.11,,,,0,0,,,0.25000000000000033,0,0,0
BenignDiverse,16,attackNode,12,0.12,,,,0,0,,,0.24999999999998612,0,0,0
BenignDiverse,16,attackNode,13,0.13,,,,0,0,,,0.24999999999997224,0,0,0
BenignDiverse,16,attackNode,14,0.14,,,,0,0,,,0.250000000000025,0,0,0
BenignDiverse,17,av1,0,0.0,9.011454844036697e-05,1.2924649882540088e-12,500.0,1,110,3.0477190624999997,8.282596078781483,0.2500000000000001,2.0,0,0
BenignDiverse,17,av1,1,0.01,9.002119026363637e-05,1.4501360054778912e-12,500.0,1,111,,,0.24999999999999986,0,0,0
BenignDiverse,17,av1,2,0.02,8.996545273873873e-05,1.211514522204703e-12,500.0,1,112,,,0.2500000000000003,0,0,0
BenignDiverse,17,av1,3,0.03,8.981508935454548e-05,1.4382540063660599e-12,500.0,1,111,,,0.25000000000000017,0,0,0
BenignDiverse,17,av1,4,0.04,9.00487662e-05,1.2228235515802367e-12,500.0,1,111,,,0.25000000000000017,0,0,0
BenignDiverse,17,av1,5,0.05,9.026138998181818e-05,1.2148864507862891e-12,500.0,1,111,,,0.25000000000000017,0,0,0
BenignDiverse,17,av1,6,0.06,9.003453933636365e-05,1.2146763260270083e-12,500.0,1,111,,,0.25000000000000033,0,0,0
BenignDiverse,17,av1,7,0.07,8.976848039090904e-05,1.1546740231369143e-12,500.0,1,111,,,0.25000000000000033,0,0,0
BenignDiverse,17,av1,8,0.08,8.993374234545455e-05,1.41539280957492e-12,500.0,1,111,,,0.25000000000000033,0,0,0
BenignDiverse,17,av1,9,0.09,9.007106647272722e-05,1.1900076307450064e-12,500.0,1,111,,,0.25000000000000033,0,0,0
BenignDiverse,17,av1,10,0.1,9.006168054545458e-05,1.1129950942855885e-12,500.0,1,111,,,0.24999999999999895,0,0,0
BenignDiverse,17,av1,11,0.11,8.991961490090095e-05,1.095287217442179e-12,500.0,1,112,,,0.25000000000000033,0,0,0
BenignDiverse,17,av1,12,0.12,8.990051730909084e-05,1.3292804035924733e-12,500.0,1,111,,,0.24999999999998612,0,0,0
BenignDiverse,17,av1,13,0.13,9.006952677272714e-05,1.4286073261880509e-12,500.0,1,111,,,0.24999999999997224,0,0,0
BenignDiverse,17,av1,14,0.14,9.006126801818176e-05,1.2137398302057591e-12,500.0,1,111,,,0.250000000000025,0,0,0
BenignDiverse,17,av2,0,0.0,8.993709388073395e-05,1.414205556402205e-12,500.0,1,110,3.463802604166667,10.668409432104536,0.2500000000000001,3.0,0,0
BenignDiverse,17,av2,1,0.01,9.004050900909092e-05,1.35396238768011e-12,500.0,1,111,,,0.24999999999999986,0,0,0
BenignDiverse,17,av2,2,0.02,9.016861102727276e-05,1.2145708547626002e-12,500.0,1,111,,,0.2500000000000003,0,0,0
BenignDiverse,17,av2,3,0.03,9.008899454545455e-05,1.4164653371648354e-12,500.0,1,111,,,0.25000000000000017,0,0,0
BenignDiverse,17,av2,4,0.04,8.99261805090909e-05,1.3039634437236467e-12,500.0,1,111,,,0.25000000000000017,0,0,0
BenignDiverse,17,av2,5,0.05,9.005254341818179e-05,1.4093273915354617e-12,500.0,1,111,,,0.25000000000000017,0,0,0
BenignDiverse,17,av2,6,0.06,8.991227966666669e-05,1.4302986603691182e-12,500.0,1,112,,,0.25000000000000033,0,0,0
BenignDiverse,17,av2,7,0.07,8.999151680909084e-05,1.2604608225600435e-12,500.0,1,111,,,0.25000000000000033,0,0,0
BenignDiverse,17,av2,8,0.08,9.007637452727274e-05,1.3232692650352054e-12,500.0,1,111,,,0.25000000000000033,0,0,0
BenignDiverse,17,av2,9,0.09,8.98399188545455e-05,1.430723580211129e-12,500.0,1,111,,,0.25000000000000033,0,0,0
BenignDiverse,17,av2,10,0.1,8.989460211818179e-05,1.3695583646784845e-12,500.0,1,111,,,0.24999999999999895,0,0,0
BenignDiverse,17,av2,11,0.11,8.996840975454544e-05,1.4417018267445769e-12,500.0,1,111,,,0.25000000000000033,0,0,0
BenignDiverse,17,av2,12,0.12,8.981682207207202e-05,1.4819068741224332e-12,500.0,1,112,,,0.24999999999998612,0,0,0
BenignDiverse,17,av2,13,0.13,8.991260990000003e-05,1.4010671280200148e-12,500.0,1,111,,,0.24999999999997224,0,0,0
BenignDiverse,17,av2,14,0.14,8.994693915454539e-05,1.4184385402546865e-12,500.0,1,111,,,0.250000000000025,0,0,0
BenignDiverse,17,radarNode,0,0.0,0.0004997743746315789,1.0589542526682796e-11,64.0,1,20,3.357209291666666,9.371392588951666,0.2500000000000001,2.0,0,0
BenignDiverse,17,radarNode,1,0.01,0.0005005935563157895,6.44672504386214e-12,64.0,1,20,,,0.24999999999999986,0,0,0
BenignDiverse,17,radarNode,2,0.02,0.0005002981073157895,7.429618660574541e-12,64.0,1,20,,,0.2500000000000003,0,0,0
BenignDiverse,17,radarNode,3,0.03,0.0005002187865789472,6.771491406494124e-12,64.0,1,20,,,0.25000000000000017,0,0,0
BenignDiverse,17,radarNode,4,0.04,0.0004984608004210524,7.1184270888746376e-12,64.0,1,20,,,0.25000000000000017,0,0,0
BenignDiverse,17,radarNode,5,0.05,0.000499058036421053,6.378179163790868e-12,64.0,1,20,,,0.25000000000000017,0,0,0
BenignDiverse,17,radarNode,6,0.06,0.0004995109741052634,6.727674639901967e-12,64.0,1,20,,,0.25000000000000033,0,0,0
BenignDiverse,17,radarNode,7,0.07,0.000499139428684211,7.952838812688537e-12,64.0,1,20,,,0.25000000000000033,0,0,0
BenignDiverse,17,radarNode,8,0.08,0.000500243776263158,1.067997906291665e-11,64.0,1,20,,,0.25000000000000033,0,0,0
BenignDiverse,17,radarNode,9,0.09,0.000500526232210526,1.1801569396694154e-11,64.0,1,20,,,0.25000000000000033,0,0,0
BenignDiverse,17,radarNode,10,0.1,0.0004992969213157897,8.140583944291641e-12,64.0,1,20,,,0.24999999999999895,0,0,0
BenignDiverse,17,radarNode,11,0.11,0.0004992642013157894,8.114726381907341e-12,64.0,1,20,,,0.25000000000000033,0,0,0
BenignDiverse,17,radarNode,12,0.12,0.000500356983421053,1.0407877553926843e-11,64.0,1,20,,,0.24999999999998612,0,0,0
BenignDiverse,17,radarNode,13,0.13,0.000500683012105263,7.750958674485669e-12,64.0,1,20,,,0.24999999999997224,0,0,0
BenignDiverse,17,radarNode,14,0.14,0.0004996707065789462,7.413092810729207e-12,64.0,1,20,,,0.250000000000025,0,0,0
BenignDiverse,17,zonalHost,0,0.0,0.0005001095170526316,7.782626327659606e-12,20.0,1,20,3.1262602083333326,8.11821208712462,0.2500000000000001,2.0,0,0
BenignDiverse,17,zonalHost,1,0.01,0.000500401788368421,1.0366688237672826e-11,20.0,1,20,,,0.24999999999999986,0,0,0
BenignDiverse,17,zonalHost,2,0.02,0.0005002489356315791,6.502699497253116e-12,20.0,1,20,,,0.2500000000000003,0,0,0
BenignDiverse,17,zonalHost,3,0.03,0.0004994614481578946,6.110710223160627e-12,20.0,1,20,,,0.25000000000000017,0,0,0
BenignDiverse,17,zonalHost,4,0.04,0.0005001943901578948,7.8011386520374e-12,20.0,1,20,,,0.25000000000000017,0,0,0
BenignDiverse,17,zonalHost,5,0.05,0.0004995854740500003,5.900001825066384e-12,20.0,1,21,,,0.25000000000000017,0,0,0
BenignDiverse,17,zonalHost,6,0.06,0.0005007113950000001,7.627321018577678e-12,20.0,1,19,,,0.25000000000000033,0,0,0
BenignDiverse,17,zonalHost,7,0.07,0.0004999986336842111,8.91273295240489e-12,20.0,1,20,,,0.25000000000000033,0,0,0
BenignDiverse,17,zonalHost,8,0.08,0.000499324322684211,7.435640528327297e-12,20.0,1,20,,,0.25000000000000033,0,0,0
BenignDiverse,17,zonalHost,9,0.09,0.000500886747315789,9.363316662135756e-12,20.0,1,20,,,0.25000000000000033,0,0,0
BenignDiverse,17,zonalHost,10,0.1,0.0005003028032631585,8.079544138450465e-12,20.0,1,20,,,0.24999999999999895,0,0,0
BenignDiverse,17,zonalHost,11,0.11,0.0004991904417368418,8.107553559229384e-12,20.0,1,20,,,0.25000000000000033,0,0,0
BenignDiverse,17,zonalHost,12,0.12,0.0004999668045263162,8.476038275189193e-12,20.0,1,20,,,0.24999999999998612,0,0,0
BenignDiverse,17,zonalHost,13,0.13,0.0004999918573157893,4.638089105355188e-12,20.0,1,20,,,0.24999999999997224,0,0,0
BenignDiverse,17,zonalHost,14,0.14,0.0004997423486499993,8.024999403037716e-12,20.0,1,21,,,0.250000000000025,0,0,0
BenignDiverse,17,attackNode,0,0.0,,,,0,0,2.420469270833333,6.442910403374438,0.2500000000000001,3.0,0,0
BenignDiverse,17,attackNode,1,0.01,,,,0,0,,,0.24999999999999986,0,0,0
BenignDiverse,17,attackNode,2,0.02,,,,0,0,,,0.2500000000000003,0,0,0
BenignDiverse,17,attackNode,3,0.03,,,,0,0,,,0.25000000000000017,0,0,0
BenignDiverse,17,attackNode,4,0.04,,,,0,0,,,0.25000000000000017,0,0,0
BenignDiverse,17,attackNode,5,0.05,,,,0,0,,,0.25000000000000017,0,0,0
BenignDiverse,17,attackNode,6,0.06,,,,0,0,,,0.25000000000000033,0,0,0
BenignDiverse,17,attackNode,7,0.07,,,,0,0,,,0.25000000000000033,0,0,0
BenignDiverse,17,attackNode,8,0.08,,,,0,0,,,0.25000000000000033,0,0,0
BenignDiverse,17,attackNode,9,0.09,,,,0,0,,,0.25000000000000033,0,0,0
BenignDiverse,17,attackNode,10,0.1,,,,0,0,,,0.24999999999999895,0,0,0
BenignDiverse,17,attackNode,11,0.11,,,,0,0,,,0.25000000000000033,0,0,0
BenignDiverse,17,attackNode,12,0.12,,,,0,0,,,0.24999999999998612,0,0,0
BenignDiverse,17,attackNode,13,0.13,,,,0,0,,,0.24999999999997224,0,0,0
BenignDiverse,17,attackNode,14,0.14,,,,0,0,,,0.250000000000025,0,0,0
BenignDiverse,18,av1,0,0.0,9.006421790825688e-05,1.2673907159016152e-12,500.0,1,110,3.278693458333333,9.251307687553277,0.2500000000000001,2.0,0,0
BenignDiverse,18,av1,1,0.01,8.993590206306305e-05,1.5035467143621614e-12,500.0,1,112,,,0.24999999999999986,0,0,0
BenignDiverse,18,av1,2,0.02,8.998307349090907e-05,1.2854206214457325e-12,500.0,1,111,,,0.2500000000000003,0,0,0
BenignDiverse,18,av1,3,0.03,8.987725251818181e-05,1.4987802353133585e-12,500.0,1,111,,,0.25000000000000017,0,0,0
BenignDiverse,18,av1,4,0.04,8.990206115454541e-05,1.3695563364856053e-12,500.0,1,111,,,0.25000000000000017,0,0,0
BenignDiverse,18,av1,5,0.05,9.009399659999999e-05,1.2437386979690262e-12,500.0,1,111,,,0.25000000000000017,0,0,0
BenignDiverse,18,av1,6,0.06,9.006881312727274e-05,1.1160822236950463e-12,500.0,1,111,,,0.25000000000000033,0,0,0
BenignDiverse,18,av1,7,0.07,8.992270995454539e-05,1.1014716772573205e-12,500.0,1,111,,,0.25000000000000033,0,0,0
BenignDiverse,18,av1,8,0.08,8.984227040540541e-05,1.4117415829861426e-12,500.0,1,112,,,0.25000000000000033,0,0,0
BenignDiverse,18,av1,9,0.09,9.002636291818173e-05,1.2365648236024583e-12,500.0,1,111,,,0.25000000000000033,0,0,0
BenignDiverse,18,av1,10,0.1,8.980481721818178e-05,1.34399679113157e-12,500.0,1,111,,,0.24999999999999895,0,0,0
BenignDiverse,18,av1,11,0.11,9.002955668181812e-05,1.439983399169437e-12,500.0,1,111,,,0.25000000000000033,0,0,0
BenignDiverse,18,av1,12,0.12,8.991302885454558e-05,1.439570411542203e-12,500.0,1,111,,,0.24999999999998612,0,0,0
BenignDiverse,18,av1,13,0.13,9.002621598198186e-05,1.2130955900740096e-12,500.0,1,112,,,0.24999999999997224,0,0,0
BenignDiverse,18,av1,14,0.14,8.994099036363627e-05,1.2963791627744365e-12,500.0,1,111,,,0.250000000000025,0,0,0
BenignDiverse,18,av2,0,0.0,9.005067799082568e-05,1.3044878262831896e-12,500.0,1,110,3.3703133541666666,10.478078926557679,0.2500000000000001,3.0,0,0
BenignDiverse,18,av2,1,0.01,8.993873280000002e-05,1.2072429875820657e-12,500.0,1,111,,,0.24999999999999986,0,0,0
BenignDiverse,18,av2,2,0.02,9.005484010909092e-05,1.2344963724309492e-12,500.0,1,111,,,0.2500000000000003,0,0,0
BenignDiverse,18,av2,3,0.03,8.977778390990989e-05,1.0632496360367457e-12,500.0,1,112,,,0.25000000000000017,0,0,0
BenignDiverse,18,av2,4,0.04,8.995429728181814e-05,1.5026613082502313e-12,500.0,1,111,,,0.25000000000000017,0,0,0
BenignDiverse,18,av2,5,0.05,9.008344956363634e-05,1.351600992444659e-12,500.0,1,111,,,0.25000000000000017,0,0,0
BenignDiverse,18,av2,6,0.06,8.997360816363638e-05,1.2385236692586809e-12,500.0,1,111,,,0.25000000000000033,0,0,0
BenignDiverse,18,av2,7,0.07,8.995823662727266e-05,1.441757772827388e-12,500.0,1,111,,,0.25000000000000033,0,0,0
BenignDiverse,18,av2,8,0.08,8.984175699090907e-05,1.2112305886057151e-12,500.0,1,111,,,0.25000000000000033,0,0,0
BenignDiverse,18,av2,9,0.09,9.001019159999997e-05,1.2616661967983654e-12,500.0,1,111,,,0.25000000000000033,0,0,0
BenignDiverse,18,av2,10,0.1,8.983839690990996e-05,1.5251472555946727e-12,500.0,1,112,,,0.24999999999999895,0,0,0
BenignDiverse,18,av2,11,0.11,8.989606932727276e-05,1.198094855828963e-12,500.0,1,111,,,0.25000000000000033,0,0,0
BenignDiverse,18,av2,12,0.12,9.009378134545468e-05,1.436001408190177e-12,500.0,1,111,,,0.24999999999998612,0,0,0
BenignDiverse,18,av2,13,0.13,8.99662918545455e-05,1.2164860961537371e-12,500.0,1,111,,,0.24999999999997224,0,0,0
BenignDiverse,18,av2,14,0.14,9.014653277272724e-05,1.1483463588962994e-12,500.0,1,111,,,0.250000000000025,0,0,0
BenignDiverse,18,radarNode,0,0.0,0.0005007151348421052,8.3398069483698e-12,64.0,1,20,2.980578354166667,8.168881534452458,0.2500000000000001,2.0,0,0
BenignDiverse,18,radarNode,1,0.01,0.0004997919130526315,8.175797233830144e-12,64.0,1,20,,,0.24999999999999986,0,0,0
BenignDiverse,18,radarNode,2,0.02,0.0004992405098421054,7.967961610657394e-12,64.0,1,20,,,0.2500000000000003,0,0,0
BenignDiverse,18,radarNode,3,0.03,0.0004988839900526317,4.718679484632139e-12,64.0,1,20,,,0.25000000000000017,0,0,0
BenignDiverse,18,radarNode,4,0.04,0.0004992872084210523,6.881950275428024e-12,64.0,1,20,,,0.25000000000000017,0,0,0
BenignDiverse,18,radarNode,5,0.05,0.0005005926984736842,9.55430653623501e-12,64.0,1,20,,,0.25000000000000017,0,0,0
BenignDiverse,18,radarNode,6,0.06,0.0004996988731578944,8.780665158536928e-12,64.0,1,20,,,0.25000000000000033,0,0,0
BenignDiverse,18,radarNode,7,0.07,0.0004990931651578948,4.8562028105651355e-12,64.0,1,20,,,0.25000000000000033,0,0,0
BenignDiverse,18,radarNode,8,0.08,0.0004999983325263157,6.461063832025275e-12,64.0,1,20,,,0.25000000000000033,0,0,0
BenignDiverse,18,radarNode,9,0.09,0.0004988131272105265,7.505460288844836e-12,64.0,1,20,,,0.25000000000000033,0,0,0
BenignDiverse,18,radarNode,10,0.1,0.0005008688530526315,4.8392035108530945e-12,64.0,1,20,,,0.24999999999999895,0,0,0
BenignDiverse,18,radarNode,11,0.11,0.0005003754473157899,8.900366713091606e-12,64.0,1,20,,,0.25000000000000033,0,0,0
BenignDiverse,18,radarNode,12,0.12,0.0005002391832631585,7.1200347999325325e-12,64.0,1,20,,,0.24999999999998612,0,0,0
BenignDiverse,18,radarNode,13,0.13,0.0005003376864210528,6.779035612758591e-12,64.0,1,20,,,0.24999999999997224,0,0,0
BenignDiverse,18,radarNode,14,0.14,0.0005011906528421057,6.732862194705168e-12,64.0,1,20,,,0.250000000000025,0,0,0
BenignDiverse,18,zonalHost,0,0.0,0.0004999060398500001,7.0571122025241825e-12,20.0,1,21,3.0452756249999995,7.917698441835363,0.2500000000000001,2.0,0,0
BenignDiverse,18,zonalHost,1,0.01,0.0005010482908888889,8.321613170735123e-12,20.0,1,19,,,0.24999999999999986,0,0,0
BenignDiverse,18,zonalHost,2,0.02,0.0005011111479473684,5.846987082487794e-12,20.0,1,20,,,0.2500000000000003,0,0,0
BenignDiverse,18,zonalHost,3,0.03,0.0004996067717894737,7.0729732803070375e-12,20.0,1,20,,,0.25000000000000017,0,0,0
BenignDiverse,18,zonalHost,4,0.04,0.0005005675901578948,9.694377454372408e-12,20.0,1,20,,,0.25000000000000017,0,0,0
BenignDiverse,18,zonalHost,5,0.05,0.0004992922863157892,9.753003770805146e-12,20.0,1,20,,,0.25000000000000017,0,0,0
BenignDiverse,18,zonalHost,6,0.06,0.0004990803367894735,9.667102580503093e-12,20.0,1,20,,,0.25000000000000033,0,0,0
BenignDiverse,18,zonalHost,7,0.07,0.0004991429293157894,1.0843428500250857e-11,20.0,1,20,,,0.25000000000000033,0,0,0
BenignDiverse,18,zonalHost,8,0.08,0.0005007578480526312,8.684449765702285e-12,20.0,1,20,,,0.25000000000000033,0,0,0
BenignDiverse,18,zonalHost,9,0.09,0.0004994621104736846,9.55581932977502e-12,20.0,1,20,,,0.25000000000000033,0,0,0
BenignDiverse,18,zonalHost,10,0.1,0.0004997485099473689,1.078923042283978e-11,20.0,1,20,,,0.24999999999999895,0,0,0
BenignDiverse,18,zonalHost,11,0.11,0.0004998724604210528,1.0131222616066602e-11,20.0,1,20,,,0.25000000000000033,0,0,0
BenignDiverse,18,zonalHost,12,0.12,0.0005003663062105254,7.717503489840723e-12,20.0,1,20,,,0.24999999999998612,0,0,0
BenignDiverse,18,zonalHost,13,0.13,0.0005000630259999998,6.522496113361953e-12,20.0,1,20,,,0.24999999999997224,0,0,0
BenignDiverse,18,zonalHost,14,0.14,0.0005001834802631572,8.911900362816674e-12,20.0,1,20,,,0.250000000000025,0,0,0
BenignDiverse,18,attackNode,0,0.0,,,,0,0,2.3269800208333336,6.216061329767224,0.2500000000000001,3.0,0,0
BenignDiverse,18,attackNode,1,0.01,,,,0,0,,,0.24999999999999986,0,0,0
BenignDiverse,18,attackNode,2,0.02,,,,0,0,,,0.2500000000000003,0,0,0
BenignDiverse,18,attackNode,3,0.03,,,,0,0,,,0.25000000000000017,0,0,0
BenignDiverse,18,attackNode,4,0.04,,,,0,0,,,0.25000000000000017,0,0,0
BenignDiverse,18,attackNode,5,0.05,,,,0,0,,,0.25000000000000017,0,0,0
BenignDiverse,18,attackNode,6,0.06,,,,0,0,,,0.25000000000000033,0,0,0
BenignDiverse,18,attackNode,7,0.07,,,,0,0,,,0.25000000000000033,0,0,0
BenignDiverse,18,attackNode,8,0.08,,,,0,0,,,0.25000000000000033,0,0,0
BenignDiverse,18,attackNode,9,0.09,,,,0,0,,,0.25000000000000033,0,0,0
BenignDiverse,18,attackNode,10,0.1,,,,0,0,,,0.24999999999999895,0,0,0
BenignDiverse,18,attackNode,11,0.11,,,,0,0,,,0.25000000000000033,0,0,0
BenignDiverse,18,attackNode,12,0.12,,,,0,0,,,0.24999999999998612,0,0,0
BenignDiverse,18,attackNode,13,0.13,,,,0,0,,,0.24999999999997224,0,0,0
BenignDiverse,18,attackNode,14,0.14,,,,0,0,,,0.250000000000025,0,0,0
BenignDiverse,19,av1,0,0.0,9.010573461467891e-05,1.3726527015680737e-12,500.0,1,110,3.070815791666667,8.440500999805991,0.2500000000000001,2.0,0,0
BenignDiverse,19,av1,1,0.01,8.991299168468466e-05,1.1882210530555266e-12,500.0,1,112,,,0.24999999999999986,0,0,0
BenignDiverse,19,av1,2,0.02,8.987747465454545e-05,1.3851850454020041e-12,500.0,1,111,,,0.2500000000000003,0,0,0
BenignDiverse,19,av1,3,0.03,8.999530160909093e-05,1.4183749084580885e-12,500.0,1,111,,,0.25000000000000017,0,0,0
BenignDiverse,19,av1,4,0.04,8.989593146363633e-05,1.1646480578045008e-12,500.0,1,111,,,0.25000000000000017,0,0,0
BenignDiverse,19,av1,5,0.05,9.016568666363637e-05,1.2457378971575815e-12,500.0,1,111,,,0.25000000000000017,0,0,0
BenignDiverse,19,av1,6,0.06,8.995960372727277e-05,1.1330202023848482e-12,500.0,1,111,,,0.25000000000000033,0,0,0
BenignDiverse,19,av1,7,0.07,8.992629592792787e-05,1.0486197673050529e-12,500.0,1,112,,,0.25000000000000033,0,0,0
BenignDiverse,19,av1,8,0.08,8.99469285636363e-05,1.3028069653487459e-12,500.0,1,111,,,0.25000000000000033,0,0,0
BenignDiverse,19,av1,9,0.09,9.005232459999997e-05,1.4353003959847986e-12,500.0,1,111,,,0.25000000000000033,0,0,0
BenignDiverse,19,av1,10,0.1,9.01711392545454e-05,1.1746591382767027e-12,500.0,1,111,,,0.24999999999999895,0,0,0
BenignDiverse,19,av1,11,0.11,9.024624392660559e-05,1.1113062362382508e-12,500.0,1,110,,,0.25000000000000033,0,0,0
BenignDiverse,19,av1,12,0.12,9.008922234545444e-05,1.4278549801151264e-12,500.0,1,111,,,0.24999999999998612,0,0,0
BenignDiverse,19,av1,13,0.13,9.000564685585577e-05,1.2530450508909529e-12,500.0,1,112,,,0.24999999999997224,0,0,0
BenignDiverse,19,av1,14,0.14,9.001382914545446e-05,1.3869096433135639e-12,500.0,1,111,,,0.250000000000025,0,0,0
BenignDiverse,19,av2,0,0.0,9.001754203669724e-05,1.4811951156390363e-12,500.0,1,110,3.4948155625,10.931407927263635,0.2500000000000001,3.0,0,0
BenignDiverse,19,av2,1,0.01,8.98207979e-05,1.3332593105192146e-12,500.0,1,111,,,0.24999999999999986,0,0,0
BenignDiverse,19,av2,2,0.02,9.003573982727273e-05,1.4591694460435778e-12,500.0,1,111,,,0.2500000000000003,0,0,0
BenignDiverse,19,av2,3,0.03,8.986533294594597e-05,1.2560191516901554e-12,500.0,1,112,,,0.25000000000000017,0,0,0
BenignDiverse,19,av2,4,0.04,8.996294896363633e-05,1.3368093752412597e-12,500.0,1,111,,,0.25000000000000017,0,0,0
BenignDiverse,19,av2,5,0.05,9.012421330909092e-05,1.3137269239379796e-12,500.0,1,111,,,0.25000000000000017,0,0,0
BenignDiverse,19,av2,6,0.06,9.002802565454542e-05,1.281432298843809e-12,500.0,1,111,,,0.25000000000000033,0,0,0
BenignDiverse,19,av2,7,0.07,9.01320272454546e-05,1.3471044443911616e-12,500.0,1,111,,,0.25000000000000033,0,0,0
BenignDiverse,19,av2,8,0.08,8.996248311818182e-05,1.2712117393329345e-12,500.0,1,111,,,0.25000000000000033,0,0,0
BenignDiverse,19,av2,9,0.09,9.007637929090907e-05,1.2796932577619164e-12,500.0,1,111,,,0.25000000000000033,0,0,0
BenignDiverse,19,av2,10,0.1,8.983535696363641e-05,1.2557544281203027e-12,500.0,1,111,,,0.24999999999999895,0,0,0
BenignDiverse,19,av2,11,0.11,8.993440181081082e-05,1.1868076152029773e-12,500.0,1,112,,,0.25000000000000033,0,0,0
BenignDiverse,19,av2,12,0.12,8.995295337272732e-05,1.4985986681899138e-12,500.0,1,111,,,0.24999999999998612,0,0,0
BenignDiverse,19,av2,13,0.13,9.008791543636364e-05,1.2436007425922556e-12,500.0,1,111,,,0.24999999999997224,0,0,0
BenignDiverse,19,av2,14,0.14,8.972336907272732e-05,1.4688314836822585e-12,500.0,1,111,,,0.250000000000025,0,0,0
BenignDiverse,19,radarNode,0,0.0,0.0004997462797368421,7.755844105831094e-12,64.0,1,20,3.417055104166667,9.548943266144807,0.2500000000000001,2.0,0,0
BenignDiverse,19,radarNode,1,0.01,0.0005001000069999999,1.2190749278896433e-11,64.0,1,20,,,0.24999999999999986,0,0,0
BenignDiverse,19,radarNode,2,0.02,0.0005005685712631578,7.954553666054326e-12,64.0,1,20,,,0.2500000000000003,0,0,0
BenignDiverse,19,radarNode,3,0.03,0.0005001668530000001,4.804018988507872e-12,64.0,1,20,,,0.25000000000000017,0,0,0
BenignDiverse,19,radarNode,4,0.04,0.0005008838883684211,5.630008775468552e-12,64.0,1,20,,,0.25000000000000017,0,0,0
BenignDiverse,19,radarNode,5,0.05,0.0005006533724210528,9.264252943510921e-12,64.0,1,20,,,0.25000000000000017,0,0,0
BenignDiverse,19,radarNode,6,0.06,0.0004993090173684215,6.2060615164504865e-12,64.0,1,20,,,0.25000000000000033,0,0,0
BenignDiverse,19,radarNode,7,0.07,0.0004998004524210529,6.095747896623192e-12,64.0,1,20,,,0.25000000000000033,0,0,0
BenignDiverse,19,radarNode,8,0.08,0.0004993711863157895,7.20783679023743e-12,64.0,1,20,,,0.25000000000000033,0,0,0
BenignDiverse,19,radarNode,9,0.09,0.0005007095498947362,1.0173712455345323e-11,64.0,1,20,,,0.25000000000000033,0,0,0
BenignDiverse,19,radarNode,10,0.1,0.0004999602053157896,1.1051186368339667e-11,64.0,1,20,,,0.24999999999999895,0,0,0
BenignDiverse,19,radarNode,11,0.11,0.0005003042846842108,1.0311773451394722e-11,64.0,1,20,,,0.25000000000000033,0,0,0
BenignDiverse,19,radarNode,12,0.12,0.0005009857850526309,5.333777321710721e-12,64.0,1,20,,,0.24999999999998612,0,0,0
BenignDiverse,19,radarNode,13,0.13,0.0005004464643157899,9.295407412803337e-12,64.0,1,20,,,0.24999999999997224,0,0,0
BenignDiverse,19,radarNode,14,0.14,0.0004997291050526317,6.112893636817133e-12,64.0,1,20,,,0.250000000000025,0,0,0
BenignDiverse,19,zonalHost,0,0.0,0.0004991550830500001,9.740893234850108e-12,20.0,1,21,3.181877270833333,8.292731780444196,0.2500000000000001,2.0,0,0
BenignDiverse,19,zonalHost,1,0.01,0.0004987547204736842,7.32985635902154e-12,20.0,1,20,,,0.24999999999999986,0,0,0
BenignDiverse,19,zonalHost,2,0.02,0.0005001466316842105,8.287409593825564e-12,20.0,1,20,,,0.2500000000000003,0,0,0
BenignDiverse,19,zonalHost,3,0.03,0.0004996324352105263,6.09583392269553e-12,20.0,1,20,,,0.25000000000000017,0,0,0
BenignDiverse,19,zonalHost,4,0.04,0.0005006132770526315,1.031396996869129e-11,20.0,1,20,,,0.25000000000000017,0,0,0
BenignDiverse,19,zonalHost,5,0.05,0.000500084997263158,1.1208222600730106e-11,20.0,1,20,,,0.25000000000000017,0,0,0
BenignDiverse,19,zonalHost,6,0.06,0.0005006138231052633,8.259633482157196e-12,20.0,1,20,,,0.25000000000000033,0,0,0
BenignDiverse,19,zonalHost,7,0.07,0.000500040089421053,1.1955537453915951e-11,20.0,1,20,,,0.25000000000000033,0,0,0
BenignDiverse,19,zonalHost,8,0.08,0.0004996777916315793,1.1477102461965106e-11,20.0,1,20,,,0.25000000000000033,0,0,0
BenignDiverse,19,zonalHost,9,0.09,0.0004997214159473684,7.422821791762191e-12,20.0,1,20,,,0.25000000000000033,0,0,0
BenignDiverse,19,zonalHost,10,0.1,0.0004996192376842109,1.0196105545330944e-11,20.0,1,20,,,0.24999999999999895,0,0,0
BenignDiverse,19,zonalHost,11,0.11,0.000499863144315789,7.1412389448505206e-12,20.0,1,20,,,0.25000000000000033,0,0,0
BenignDiverse,19,zonalHost,12,0.12,0.0004999409314736846,9.377931001365535e-12,20.0,1,20,,,0.24999999999998612,0,0,0
BenignDiverse,19,zonalHost,13,0.13,0.0004994887502631583,9.034094138809146e-12,20.0,1,20,,,0.24999999999997224,0,0,0
BenignDiverse,19,zonalHost,14,0.14,0.0004992031375263156,8.114439346580189e-12,20.0,1,20,,,0.250000000000025,0,0,0
BenignDiverse,19,attackNode,0,0.0,,,,0,0,2.451482229166667,6.639130566255522,0.2500000000000001,3.0,0,0
BenignDiverse,19,attackNode,1,0.01,,,,0,0,,,0.24999999999999986,0,0,0
BenignDiverse,19,attackNode,2,0.02,,,,0,0,,,0.2500000000000003,0,0,0
BenignDiverse,19,attackNode,3,0.03,,,,0,0,,,0.25000000000000017,0,0,0
BenignDiverse,19,attackNode,4,0.04,,,,0,0,,,0.25000000000000017,0,0,0
BenignDiverse,19,attackNode,5,0.05,,,,0,0,,,0.25000000000000017,0,0,0
BenignDiverse,19,attackNode,6,0.06,,,,0,0,,,0.25000000000000033,0,0,0
BenignDiverse,19,attackNode,7,0.07,,,,0,0,,,0.25000000000000033,0,0,0
BenignDiverse,19,attackNode,8,0.08,,,,0,0,,,0.25000000000000033,0,0,0
BenignDiverse,19,attackNode,9,0.09,,,,0,0,,,0.25000000000000033,0,0,0
BenignDiverse,19,attackNode,10,0.1,,,,0,0,,,0.24999999999999895,0,0,0
BenignDiverse,19,attackNode,11,0.11,,,,0,0,,,0.25000000000000033,0,0,0
BenignDiverse,19,attackNode,12,0.12,,,,0,0,,,0.24999999999998612,0,0,0
BenignDiverse,19,attackNode,13,0.13,,,,0,0,,,0.24999999999997224,0,0,0
BenignDiverse,19,attackNode,14,0.14,,,,0,0,,,0.250000000000025,0,0,0
GCLPhaseAttack,0,av1,0,0.0,9e-05,1.396471836198659e-37,500.0,1,110,51.417231638418066,50.2516094900166,0.2500000000000001,13.0,0,1
GCLPhaseAttack,0,av1,1,0.01,9e-05,4.781306424180024e-37,500.0,1,112,55.25999999999991,50.45876667656043,0.24999999999999986,3.0,0,1
GCLPhaseAttack,0,av1,2,0.02,8.999999999999999e-05,6.264492729866738e-37,500.0,1,111,55.646713780918674,49.42711985803278,0.2500000000000003,3.0,0,1
GCLPhaseAttack,0,av1,3,0.03,8.999999999999999e-05,1.5099033759165984e-36,500.0,1,111,55.94197879858662,51.77350859093012,0.25000000000000017,3.0,0,1
GCLPhaseAttack,0,av1,4,0.04,8.999999999999999e-05,1.2890398501841174e-36,500.0,1,111,56.35581560283708,49.85770049293043,0.25000000000000017,3.0,0,1
GCLPhaseAttack,0,av1,5,0.05,9.000000000000006e-05,1.7026569983740367e-36,500.0,1,111,55.125070422535174,49.88878109147957,0.25000000000000017,3.0,0,1
GCLPhaseAttack,0,av1,6,0.06,8.999999999999999e-05,3.6627203967381106e-35,500.0,1,111,56.58340425531842,50.93146496617914,0.25000000000000033,3.0,0,1
GCLPhaseAttack,0,av1,7,0.07,9.000000000000006e-05,4.852572445366005e-35,500.0,1,111,56.69000000000015,50.0297073099876,0.25000000000000033,3.0,0,1
GCLPhaseAttack,0,av1,8,0.08,9.000000000000006e-05,4.852572445366005e-35,500.0,1,111,57.081478873239135,51.191428272195026,0.25000000000000033,3.0,0,1
GCLPhaseAttack,0,av1,9,0.09,8.999999999999992e-05,4.85739128592744e-35,500.0,1,111,54.5111347517727,48.58771717129422,0.25000000000000033,3.0,0,1
GCLPhaseAttack,0,av1,10,0.1,8.999999999999999e-05,4.855046985113769e-35,500.0,1,112,57.141690140845405,52.53423157224149,0.24999999999999895,3.0,0,1
GCLPhaseAttack,0,av1,11,0.11,9.000000000000006e-05,4.852572445366005e-35,500.0,1,111,56.5159010600701,49.672171870338495,0.25000000000000033,3.0,0,1
GCLPhaseAttack,0,av1,12,0.12,9.000000000000006e-05,9.446533780601613e-35,500.0,1,111,55.42468085106464,50.37007808832195,0.24999999999998612,3.0,0,1
GCLPhaseAttack,0,av1,13,0.13,8.999999999999992e-05,1.4398695597570627e-34,500.0,1,111,55.562120141343,49.99211416990747,0.24999999999997224,3.0,0,1
GCLPhaseAttack,0,av1,14,0.14,8.999999999999992e-05,1.4398695597570627e-34,500.0,1,111,58.47626760563354,50.63252984593437,0.250000000000025,3.0,0,1
GCLPhaseAttack,0,av2,0,0.0,9e-05,1.362297049014728e-37,500.0,1,110,54.13314553990609,50.384663791439706,0.2500000000000001,29.0,0,1
GCLPhaseAttack,0,av2,1,0.01,9e-05,4.821350374228367e-37,500.0,1,111,59.54084210526314,50.228725724861285,0.24999999999999986,50.0,0,1
GCLPhaseAttack,0,av2,2,0.02,8.999999999999999e-05,6.264492729866738e-37,500.0,1,111,60.07574803149609,49.29635148001935,0.2500000000000003,71.0,0,1
GCLPhaseAttack,0,av2,3,0.03,9.000000000000002e-05,1.3864205865298024e-36,500.0,1,111,59.511789473684324,50.25134369311399,0.25000000000000017,91.0,0,1
GCLPhaseAttack,0,av2,4,0.04,8.999999999999999e-05,1.2890398501841174e-36,500.0,1,111,59.615368421052665,49.68030854493403,0.25000000000000017,111.0,0,1
GCLPhaseAttack,0,av2,5,0.05,8.999999999999999e-05,1.2776439434509919e-36,500.0,1,112,59.55706806282726,49.88656804362464,0.25000000000000017,132.0,0,1
GCLPhaseAttack,0,av2,6,0.06,9.000000000000006e-05,3.7040821115571023e-35,500.0,1,111,59.57484210526269,49.86105759627247,0.25000000000000033,153.0,0,1
GCLPhaseAttack,0,av2,7,0.07,9.000000000000006e-05,4.852572445366005e-35,500.0,1,111,60.02505263157946,49.61891859546034,0.25000000000000033,173.0,0,1
GCLPhaseAttack,0,av2,8,0.08,9.000000000000006e-05,4.852572445366005e-35,500.0,1,111,59.941574803149464,50.26809549686467,0.25000000000000033,193.0,0,1
GCLPhaseAttack,0,av2,9,0.09,9.000000000000006e-05,4.852572445366005e-35,500.0,1,111,59.833684210526194,49.368442999827174,0.25000000000000033,214.0,0,1
GCLPhaseAttack,0,av2,10,0.1,9.000000000000006e-05,4.852572445366005e-35,500.0,1,111,59.732230971129205,50.37436472640184,0.24999999999999895,234.0,0,1
GCLPhaseAttack,0,av2,11,0.11,9.000000000000006e-05,4.852572445366005e-35,500.0,1,111,59.764210526315566,49.15486570351151,0.25000000000000033,255.0,0,1
GCLPhaseAttack,0,av2,12,0.12,9.000000000000006e-05,9.446533780601613e-35,500.0,1,111,59.579684210527745,50.243035888657545,0.24999999999998612,275.0,0,1
GCLPhaseAttack,0,av2,13,0.13,9.000000000000018e-05,1.4032463714901495e-34,500.0,1,111,59.597952755905936,49.985392992752885,0.24999999999997224,296.0,0,1
GCLPhaseAttack,0,av2,14,0.14,8.999999999999999e-05,1.4309612166651108e-34,500.0,1,112,60.04929133858216,49.45622373448415,0.250000000000025,316.0,0,1
GCLPhaseAttack,0,radarNode,0,0.0,0.0004999999999999999,2.0945796999739823e-37,64.0,1,20,55.108817204301054,50.52821455439403,0.2500000000000001,69.0,0,1
GCLPhaseAttack,0,radarNode,1,0.01,0.0005,9.502943804542282e-37,64.0,1,20,59.36077669902911,50.52403024784636,0.24999999999999986,122.0,0,1
GCLPhaseAttack,0,radarNode,2,0.02,0.0005000000000000001,1.196666997609028e-36,64.0,1,20,59.961210653752985,49.726725711503164,0.2500000000000003,174.0,0,1
GCLPhaseAttack,0,radarNode,3,0.03,0.0005000000000000002,3.308432287507313e-36,64.0,1,20,59.71631067961171,50.67134370122013,0.25000000000000017,227.0,0,1
GCLPhaseAttack,0,radarNode,4,0.04,0.0005000000000000001,2.5341183478779418e-36,64.0,1,20,59.805825242718534,49.96454187050536,0.25000000000000017,279.0,0,1
GCLPhaseAttack,0,radarNode,5,0.05,0.0005000000000000001,2.5341183478779418e-36,64.0,1,20,59.58512077294679,50.233533158810715,0.25000000000000017,332.0,0,1
GCLPhaseAttack,0,radarNode,6,0.06,0.0004999999999999997,1.0136473391511767e-35,64.0,1,20,59.529126213591844,50.0928993731093,0.25000000000000033,385.0,0,1
GCLPhaseAttack,0,radarNode,7,0.07,0.0005000000000000004,0.0,64.0,1,20,60.16563106796145,49.97452481272524,0.25000000000000033,437.0,0,1
GCLPhaseAttack,0,radarNode,8,0.08,0.0004999999999999997,1.0136473391511767e-35,64.0,1,20,59.72188861985445,50.49717371036886,0.25000000000000033,489.0,0,1
GCLPhaseAttack,0,radarNode,9,0.09,0.0004999999999999997,1.0136473391511767e-35,64.0,1,20,59.66388349514551,49.69710587475916,0.25000000000000033,542.0,0,1
GCLPhaseAttack,0,radarNode,10,0.1,0.0005000000000000004,0.0,64.0,1,20,59.462995169082426,50.80812368282696,0.24999999999999895,595.0,0,1
GCLPhaseAttack,0,radarNode,11,0.11,0.0004999999999999997,1.0136473391511767e-35,64.0,1,20,59.7938834951453,49.50598347149895,0.25000000000000033,647.0,0,1
GCLPhaseAttack,0,radarNode,12,0.12,0.0004999999999999997,1.0136473391511767e-35,64.0,1,20,59.7794174757294,50.308918739815425,0.24999999999998612,700.0,0,1
GCLPhaseAttack,0,radarNode,13,0.13,0.0005000000000000004,0.0,64.0,1,20,59.82842615012155,50.143683363459544,0.24999999999997224,752.0,0,1
GCLPhaseAttack,0,radarNode,14,0.14,0.0005000000000000004,0.0,64.0,1,20,60.030653753025696,49.823074418128805,0.250000000000025,805.0,0,1
GCLPhaseAttack,0,zonalHost,0,0.0,0.0005,1.979779959279642e-37,20.0,1,20,58.63103139013453,50.11414451760696,0.2500000000000001,88.0,0,1
GCLPhaseAttack,0,zonalHost,1,0.01,0.0005,9.502943804542282e-37,20.0,1,20,64.53244897959186,49.64311186482956,0.24999999999999986,160.0,0,1
GCLPhaseAttack,0,zonalHost,2,0.02,0.0004999999999999999,1.689412231918628e-36,20.0,1,20,65.00890585241737,48.62223006195555,0.2500000000000003,233.0,0,1
GCLPhaseAttack,0,zonalHost,3,0.03,0.0005000000000000001,2.5341183478779418e-36,20.0,1,20,64.85408163265325,49.71402138146312,0.25000000000000017,306.0,0,1
GCLPhaseAttack,0,zonalHost,4,0.04,0.0005000000000000001,2.5341183478779418e-36,20.0,1,20,64.73918367346961,48.95457293345126,0.25000000000000017,377.0,0,1
GCLPhaseAttack,0,zonalHost,5,0.05,0.0004999999999999998,4.5614130261802956e-36,20.0,1,21,64.52487309644684,49.06061484911435,0.25000000000000017,450.0,0,1
GCLPhaseAttack,0,zonalHost,6,0.06,0.0005000000000000004,0.0,20.0,1,20,64.16959183673445,49.13606722811912,0.25000000000000033,524.0,0,1
GCLPhaseAttack,0,zonalHost,7,0.07,0.0004999999999999997,1.0136473391511767e-35,20.0,1,20,65.17673469387793,48.674266239092226,0.25000000000000033,596.0,0,1
GCLPhaseAttack,0,zonalHost,8,0.08,0.0004999999999999997,1.0136473391511767e-35,20.0,1,20,64.3360305343514,49.39117735516799,0.25000000000000033,668.0,0,1
GCLPhaseAttack,0,zonalHost,9,0.09,0.0005000000000000004,0.0,20.0,1,20,64.70336734693875,48.55313868959956,0.25000000000000033,741.0,0,1
GCLPhaseAttack,0,zonalHost,10,0.1,0.0004999999999999997,1.0136473391511767e-35,20.0,1,20,64.57360406091432,49.841812787962866,0.24999999999999895,814.0,0,1
GCLPhaseAttack,0,zonalHost,11,0.11,0.0004999999999999997,1.0136473391511767e-35,20.0,1,20,64.57306122448993,48.313218016461974,0.25000000000000033,886.0,0,1
GCLPhaseAttack,0,zonalHost,12,0.12,0.0005000000000000004,0.0,20.0,1,20,65.03306122449082,49.101332132676134,0.24999999999998612,959.0,0,1
GCLPhaseAttack,0,zonalHost,13,0.13,0.0005000000000000004,0.0,20.0,1,20,64.6458524173034,49.192907105998685,0.24999999999997224,1031.0,0,1
GCLPhaseAttack,0,zonalHost,14,0.14,0.000499999999999999,3.851859888774472e-35,20.0,1,21,64.98722646310463,48.567324245623695,0.250000000000025,1104.0,0,1
GCLPhaseAttack,0,attackNode,0,0.0,3.9999999999999996e-05,7.87317547981824e-38,529.0,247,247,54.275044642857125,51.489518313875,0.2500000000000001,15.0,0,1
GCLPhaseAttack,0,attackNode,1,0.01,4.000000000000001e-05,1.3980083196845098e-36,529.0,250,250,56.633796526054596,49.39768294995393,0.24999999999999986,18.0,0,1
GCLPhaseAttack,0,attackNode,2,0.02,4e-05,3.010435093308362e-36,529.0,250,250,57.17238805970147,49.562115376235035,0.2500000000000003,22.0,0,1
GCLPhaseAttack,0,attackNode,3,0.03,4e-05,7.96116226890055e-36,529.0,250,250,59.31697270471468,50.53461078637198,0.25000000000000017,25.0,0,1
GCLPhaseAttack,0,attackNode,4,0.04,4.000000000000002e-05,8.740475886036449e-36,529.0,250,250,55.7656218905474,49.89166361218402,0.25000000000000017,30.0,0,1
GCLPhaseAttack,0,attackNode,5,0.05,4.000000000000002e-05,8.740475886036449e-36,529.0,250,250,59.218217821782176,50.689810750658175,0.25000000000000017,33.0,0,1
GCLPhaseAttack,0,attackNode,6,0.06,4.000000000000002e-05,1.7282907090979836e-35,529.0,250,250,57.240248138957526,49.54936461017038,0.25000000000000033,36.0,0,1
GCLPhaseAttack,0,attackNode,7,0.07,3.999999999999999e-05,1.9898032525570936e-35,529.0,250,250,56.99776119402994,49.47310561824316,0.25000000000000033,40.0,0,1
GCLPhaseAttack,0,attackNode,8,0.08,3.999999999999999e-05,1.9898032525570936e-35,529.0,250,250,59.41553349875924,50.450590536418915,0.25000000000000033,43.0,0,1
GCLPhaseAttack,0,attackNode,9,0.09,3.999999999999999e-05,1.9898032525570936e-35,529.0,250,250,55.690669975186,49.767367560763475,0.25000000000000033,46.0,0,1
GCLPhaseAttack,0,attackNode,10,0.1,3.999999999999999e-05,1.9898032525570936e-35,529.0,250,250,58.73468982630281,50.47065941003833,0.24999999999999895,51.0,0,1
GCLPhaseAttack,0,attackNode,11,0.11,3.999999999999999e-05,1.9898032525570936e-35,529.0,250,250,57.858511166252825,49.905482861790155,0.25000000000000033,54.0,0,1
GCLPhaseAttack,0,attackNode,12,0.12,3.999999999999999e-05,1.0532234457500478e-34,529.0,250,250,56.63845771144337,49.512885374053916,0.24999999999998612,58.0,0,1
GCLPhaseAttack,0,attackNode,13,0.13,4.00000000000001e-05,1.9037239895938088e-34,529.0,250,250,59.614838709677905,50.43471154392291,0.24999999999997224,61.0,0,1
GCLPhaseAttack,0,attackNode,14,0.14,3.999999999999999e-05,1.9074665662443864e-34,529.0,250,250,56.03118811881146,49.51036880222334,0.250000000000025,64.0,0,1
AggregateLoadAttack,0,av1,0,0.0,9e-05,1.396471836198659e-37,500.0,1,110,53.48991150442476,51.95723984660224,0.2500000000000001,5.0,0,2
AggregateLoadAttack,0,av1,1,0.01,9e-05,4.781306424180024e-37,500.0,1,112,58.42281690140832,50.99101724212641,0.24999999999999986,3.0,0,2
AggregateLoadAttack,0,av1,2,0.02,8.999999999999999e-05,6.264492729866738e-37,500.0,1,111,58.42950704225345,50.81758679503891,0.2500000000000003,3.0,0,2
AggregateLoadAttack,0,av1,3,0.03,8.999999999999999e-05,1.5099033759165984e-36,500.0,1,111,58.718380281690166,50.990699867579586,0.25000000000000017,3.0,0,2
AggregateLoadAttack,0,av1,4,0.04,8.999999999999999e-05,1.2890398501841174e-36,500.0,1,111,59.351760563380395,51.57734902627795,0.25000000000000017,3.0,0,2
AggregateLoadAttack,0,av1,5,0.05,9.000000000000006e-05,1.7026569983740367e-36,500.0,1,111,58.92352112676059,51.445814332098955,0.25000000000000017,3.0,0,2
AggregateLoadAttack,0,av1,6,0.06,8.999999999999999e-05,3.6627203967381106e-35,500.0,1,111,59.33084507042161,51.5031246984127,0.25000000000000033,3.0,0,2
AggregateLoadAttack,0,av1,7,0.07,9.000000000000006e-05,4.852572445366005e-35,500.0,1,111,59.309084507042954,51.326302453424766,0.25000000000000033,3.0,0,2
AggregateLoadAttack,0,av1,8,0.08,9.000000000000006e-05,4.852572445366005e-35,500.0,1,111,58.5010563380276,51.075992883710626,0.25000000000000033,3.0,0,2
AggregateLoadAttack,0,av1,9,0.09,8.999999999999992e-05,4.85739128592744e-35,500.0,1,111,58.82823943661953,51.35758650471292,0.25000000000000033,3.0,0,2
AggregateLoadAttack,0,av1,10,0.1,8.999999999999999e-05,4.855046985113769e-35,500.0,1,112,58.3724912280706,50.88575185659819,0.24999999999999895,3.0,0,2
AggregateLoadAttack,0,av1,11,0.11,9.000000000000006e-05,4.852572445366005e-35,500.0,1,111,58.848098591548464,51.18142444662902,0.25000000000000033,3.0,0,2
AggregateLoadAttack,0,av1,12,0.12,9.000000000000006e-05,9.446533780601613e-35,500.0,1,111,58.726666666668145,51.30210529857815,0.24999999999998612,3.0,0,2
AggregateLoadAttack,0,av1,13,0.13,8.999999999999992e-05,1.4398695597570627e-34,500.0,1,111,59.314366197182515,51.29982711609289,0.24999999999997224,3.0,0,2
AggregateLoadAttack,0,av1,14,0.14,8.999999999999992e-05,1.4398695597570627e-34,500.0,1,111,59.33406360424022,51.23787103758167,0.250000000000025,3.0,0,2
AggregateLoadAttack,0,av2,0,0.0,9e-05,1.362297049014728e-37,500.0,1,110,54.53689737470166,50.41628500969145,0.2500000000000001,22.0,0,2
AggregateLoadAttack,0,av2,1,0.01,9e-05,4.821350374228367e-37,500.0,1,111,61.046141732283424,49.890734136773006,0.24999999999999986,43.0,0,2
AggregateLoadAttack,0,av2,2,0.02,8.999999999999999e-05,6.264492729866738e-37,500.0,1,111,60.65753926701572,49.72174879909374,0.2500000000000003,64.0,0,2
AggregateLoadAttack,0,av2,3,0.03,9.000000000000002e-05,1.3864205865298024e-36,500.0,1,111,61.18157480314972,49.800745139614406,0.25000000000000017,85.0,0,2
AggregateLoadAttack,0,av2,4,0.04,8.999999999999999e-05,1.2890398501841174e-36,500.0,1,111,60.58895287958119,49.71477754136349,0.25000000000000017,105.0,0,2
AggregateLoadAttack,0,av2,5,0.05,8.999999999999999e-05,1.2776439434509919e-36,500.0,1,112,60.518224543081,49.903238340206734,0.25000000000000017,125.0,0,2
AggregateLoadAttack,0,av2,6,0.06,9.000000000000006e-05,3.7040821115571023e-35,500.0,1,111,60.89422572178427,49.833066809324166,0.25000000000000033,146.0,0,2
AggregateLoadAttack,0,av2,7,0.07,9.000000000000006e-05,4.852572445366005e-35,500.0,1,111,60.80047120418935,49.7496900138106,0.25000000000000033,166.0,0,2
AggregateLoadAttack,0,av2,8,0.08,9.000000000000006e-05,4.852572445366005e-35,500.0,1,111,60.974607329842755,49.84874509068148,0.25000000000000033,186.0,0,2
AggregateLoadAttack,0,av2,9,0.09,9.000000000000006e-05,4.852572445366005e-35,500.0,1,111,61.07385826771653,49.897095338631516,0.25000000000000033,207.0,0,2
AggregateLoadAttack,0,av2,10,0.1,9.000000000000006e-05,4.852572445366005e-35,500.0,1,111,60.63136125654515,49.736096639193676,0.24999999999999895,227.0,0,2
AggregateLoadAttack,0,av2,11,0.11,9.000000000000006e-05,4.852572445366005e-35,500.0,1,111,61.10356955380534,49.8209561895977,0.25000000000000033,249.0,0,2
AggregateLoadAttack,0,av2,12,0.12,9.000000000000006e-05,9.446533780601613e-35,500.0,1,111,60.387853403143,49.73184875064359,0.24999999999998612,267.0,0,2
AggregateLoadAttack,0,av2,13,0.13,9.000000000000018e-05,1.4032463714901495e-34,500.0,1,111,61.15753280839906,49.74311440530349,0.24999999999997224,288.0,0,2
AggregateLoadAttack,0,av2,14,0.14,8.999999999999999e-05,1.4309612166651108e-34,500.0,1,112,60.521514360312736,49.741880031963554,0.250000000000025,306.0,0,2
AggregateLoadAttack,0,radarNode,0,0.0,0.0004999999999999999,2.0945796999739823e-37,64.0,1,20,55.69738562091501,50.79814396909286,0.2500000000000001,60.0,0,2
AggregateLoadAttack,0,radarNode,1,0.01,0.0005,9.502943804542282e-37,64.0,1,20,60.4897336561743,49.99694401512173,0.24999999999999986,114.0,0,2
AggregateLoadAttack,0,radarNode,2,0.02,0.0005000000000000001,1.196666997609028e-36,64.0,1,20,60.58726392251811,49.97086325341822,0.2500000000000003,167.0,0,2
AggregateLoadAttack,0,radarNode,3,0.03,0.0005000000000000002,3.308432287507313e-36,64.0,1,20,60.70832929782089,50.0278838789515,0.25000000000000017,220.0,0,2
AggregateLoadAttack,0,radarNode,4,0.04,0.0005000000000000001,2.5341183478779418e-36,64.0,1,20,60.77021791767561,50.02113496226922,0.25000000000000017,273.0,0,2
AggregateLoadAttack,0,radarNode,5,0.05,0.0005000000000000001,2.5341183478779418e-36,64.0,1,20,60.52647342995163,50.008706754060036,0.25000000000000017,326.0,0,2
AggregateLoadAttack,0,radarNode,6,0.06,0.0004999999999999997,1.0136473391511767e-35,64.0,1,20,60.67200968522954,49.93939631153986,0.25000000000000033,380.0,0,2
AggregateLoadAttack,0,radarNode,7,0.07,0.0005000000000000004,0.0,64.0,1,20,60.77893462469791,49.898911586355936,0.25000000000000033,433.0,0,2
AggregateLoadAttack,0,radarNode,8,0.08,0.0004999999999999997,1.0136473391511767e-35,64.0,1,20,60.696222760290205,49.9823211198999,0.25000000000000033,486.0,0,2
AggregateLoadAttack,0,radarNode,9,0.09,0.0004999999999999997,1.0136473391511767e-35,64.0,1,20,60.565084745762704,50.03186536351108,0.25000000000000033,539.0,0,2
AggregateLoadAttack,0,radarNode,10,0.1,0.0005000000000000004,0.0,64.0,1,20,60.514396135266054,50.02870906053821,0.24999999999999895,593.0,0,2
AggregateLoadAttack,0,radarNode,11,0.11,0.0004999999999999997,1.0136473391511767e-35,64.0,1,20,60.6841162227597,49.91873640408628,0.25000000000000033,646.0,0,2
AggregateLoadAttack,0,radarNode,12,0.12,0.0004999999999999997,1.0136473391511767e-35,64.0,1,20,60.77601941747736,49.84596688084964,0.24999999999998612,698.0,0,2
AggregateLoadAttack,0,radarNode,13,0.13,0.0005000000000000004,0.0,64.0,1,20,60.85496368038746,49.91798280763796,0.24999999999997224,751.0,0,2
AggregateLoadAttack,0,radarNode,14,0.14,0.0005000000000000004,0.0,64.0,1,20,60.60498789346166,49.960529462633524,0.250000000000025,803.0,0,2
AggregateLoadAttack,0,zonalHost,0,0.0,0.0005,1.979779959279642e-37,20.0,1,20,59.84904545454545,50.40117449003694,0.2500000000000001,79.0,0,2
AggregateLoadAttack,0,zonalHost,1,0.01,0.0005,9.502943804542282e-37,20.0,1,20,65.45908396946564,49.07384646960135,0.24999999999999986,153.0,0,2
AggregateLoadAttack,0,zonalHost,2,0.02,0.0004999999999999999,1.689412231918628e-36,20.0,1,20,65.82783715012731,48.86156483386723,0.2500000000000003,226.0,0,2
AggregateLoadAttack,0,zonalHost,3,0.03,0.0005000000000000001,2.5341183478779418e-36,20.0,1,20,66.00768447837167,48.86896497509342,0.25000000000000017,299.0,0,2
AggregateLoadAttack,0,zonalHost,4,0.04,0.0005000000000000001,2.5341183478779418e-36,20.0,1,20,65.98396946564904,48.86218391410875,0.25000000000000017,372.0,0,2
AggregateLoadAttack,0,zonalHost,5,0.05,0.0004999999999999998,4.5614130261802956e-36,20.0,1,21,65.66213197969564,48.89381591917051,0.25000000000000017,445.0,0,2
AggregateLoadAttack,0,zonalHost,6,0.06,0.0005000000000000004,0.0,20.0,1,20,65.61450381679356,48.77208228619316,0.25000000000000033,519.0,0,2
AggregateLoadAttack,0,zonalHost,7,0.07,0.0004999999999999997,1.0136473391511767e-35,20.0,1,20,66.02926208651456,48.78840640673909,0.25000000000000033,592.0,0,2
AggregateLoadAttack,0,zonalHost,8,0.08,0.0004999999999999997,1.0136473391511767e-35,20.0,1,20,65.88972010178136,48.79701224724884,0.25000000000000033,665.0,0,2
AggregateLoadAttack,0,zonalHost,9,0.09,0.0005000000000000004,0.0,20.0,1,20,65.89328244274823,48.84786093601824,0.25000000000000033,738.0,0,2
AggregateLoadAttack,0,zonalHost,10,0.1,0.0004999999999999997,1.0136473391511767e-35,20.0,1,20,65.70192893401081,49.03257198906202,0.24999999999999895,812.0,0,2
AggregateLoadAttack,0,zonalHost,11,0.11,0.0004999999999999997,1.0136473391511767e-35,20.0,1,20,65.68575063613231,48.87260177851066,0.25000000000000033,885.0,0,2
AggregateLoadAttack,0,zonalHost,12,0.12,0.0005000000000000004,0.0,20.0,1,20,66.033673469389,48.611193650309716,0.24999999999998612,957.0,0,2
AggregateLoadAttack,0,zonalHost,13,0.13,0.0005000000000000004,0.0,20.0,1,20,65.74040712468224,48.64486456773675,0.24999999999997224,1030.0,0,2
AggregateLoadAttack,0,zonalHost,14,0.14,0.000499999999999999,3.851859888774472e-35,20.0,1,21,65.50793893129814,48.63525115777397,0.250000000000025,1102.0,0,2
AggregateLoadAttack,0,attackNode,0,0.0,0.00019999999999999998,2.1690169783731487e-37,529.0,1,50,54.275044642857125,51.489518313875,0.2500000000000001,15.0,0,2
AggregateLoadAttack,0,attackNode,1,0.01,0.00019999999999999998,1.5302217617234892e-36,529.0,1,50,56.633796526054596,49.39768294995393,0.24999999999999986,18.0,0,2
AggregateLoadAttack,0,attackNode,2,0.02,0.00019999999999999998,2.784082402600596e-36,529.0,1,50,57.17238805970147,49.562115376235035,0.2500000000000003,22.0,0,2
AggregateLoadAttack,0,attackNode,3,0.03,0.00019999999999999998,7.29798070975818e-36,529.0,1,50,59.31697270471468,50.53461078637198,0.25000000000000017,25.0,0,2
AggregateLoadAttack,0,attackNode,4,0.04,0.00020000000000000006,7.369629889236872e-36,529.0,1,50,55.7656218905474,49.89166361218402,0.25000000000000017,30.0,0,2
AggregateLoadAttack,0,attackNode,5,0.05,0.00019999999999999993,6.71455167686026e-36,529.0,1,50,59.218217821782176,50.689810750658175,0.25000000000000017,33.0,0,2
AggregateLoadAttack,0,attackNode,6,0.06,0.00020000000000000006,3.746228527028743e-35,529.0,1,50,57.240248138957526,49.54936461017038,0.25000000000000033,36.0,0,2
AggregateLoadAttack,0,attackNode,7,0.07,0.00020000000000000006,4.7493170397304285e-35,529.0,1,50,56.99776119402994,49.47310561824316,0.25000000000000033,40.0,0,2
AggregateLoadAttack,0,attackNode,8,0.08,0.0001999999999999998,4.81482486096809e-35,529.0,1,50,59.41553349875924,50.450590536418915,0.25000000000000033,43.0,0,2
AggregateLoadAttack,0,attackNode,9,0.09,0.00020000000000000006,4.7493170397304285e-35,529.0,1,50,55.690669975186,49.767367560763475,0.25000000000000033,46.0,0,2
AggregateLoadAttack,0,attackNode,10,0.1,0.00020000000000000006,4.7493170397304285e-35,529.0,1,50,58.73468982630281,50.47065941003833,0.24999999999999895,51.0,0,2
AggregateLoadAttack,0,attackNode,11,0.11,0.0001999999999999998,4.81482486096809e-35,529.0,1,50,57.858511166252825,49.905482861790155,0.25000000000000033,54.0,0,2
AggregateLoadAttack,0,attackNode,12,0.12,0.0001999999999999998,8.827178911774831e-35,529.0,1,50,56.63845771144337,49.512885374053916,0.24999999999998612,58.0,0,2
AggregateLoadAttack,0,attackNode,13,0.13,0.00020000000000000006,1.277402514134391e-34,529.0,1,50,59.614838709677905,50.43471154392291,0.24999999999997224,61.0,0,2
AggregateLoadAttack,0,attackNode,14,0.14,0.00020000000000000006,1.277402514134391e-34,529.0,1,50,56.03118811881146,49.51036880222334,0.250000000000025,64.0,0,2
ThresholdEvasionAttack,0,av1,0,0.0,9e-05,1.396471836198659e-37,500.0,1,110,51.83888888888887,51.232172030485145,0.2500000000000001,5.0,0,3
ThresholdEvasionAttack,0,av1,1,0.01,9e-05,4.781306424180024e-37,500.0,1,112,56.18708333333332,50.32092244844789,0.24999999999999986,3.0,0,3
ThresholdEvasionAttack,0,av1,2,0.02,8.999999999999999e-05,6.264492729866738e-37,500.0,1,111,56.30020833333326,50.929470873363236,0.2500000000000003,3.0,0,3
ThresholdEvasionAttack,0,av1,3,0.03,8.999999999999999e-05,1.5099033759165984e-36,500.0,1,111,57.82112676056338,51.66392040406366,0.25000000000000017,3.0,0,3
ThresholdEvasionAttack,0,av1,4,0.04,8.999999999999999e-05,1.2890398501841174e-36,500.0,1,111,56.162633451957205,50.85376929600762,0.25000000000000017,3.0,0,3
ThresholdEvasionAttack,0,av1,5,0.05,9.000000000000006e-05,1.7026569983740367e-36,500.0,1,111,56.73180212014133,50.49419693435851,0.25000000000000017,3.0,0,3
ThresholdEvasionAttack,0,av1,6,0.06,8.999999999999999e-05,3.6627203967381106e-35,500.0,1,111,57.65893617021208,51.6373853946392,0.25000000000000033,3.0,0,3
ThresholdEvasionAttack,0,av1,7,0.07,9.000000000000006e-05,4.852572445366005e-35,500.0,1,111,57.329154929577946,51.15545197162327,0.25000000000000033,3.0,0,3
ThresholdEvasionAttack,0,av1,8,0.08,9.000000000000006e-05,4.852572445366005e-35,500.0,1,111,55.290915492957446,49.813968103737565,0.25000000000000033,3.0,0,3
ThresholdEvasionAttack,0,av1,9,0.09,8.999999999999992e-05,4.85739128592744e-35,500.0,1,111,55.69274021352289,51.10242729732765,0.25000000000000033,3.0,0,3
ThresholdEvasionAttack,0,av1,10,0.1,8.999999999999999e-05,4.855046985113769e-35,500.0,1,112,55.89747368421071,51.0719004554403,0.24999999999999895,3.0,0,3
ThresholdEvasionAttack,0,av1,11,0.11,9.000000000000006e-05,4.852572445366005e-35,500.0,1,111,55.04427046263269,49.734820587199536,0.25000000000000033,3.0,0,3
ThresholdEvasionAttack,0,av1,12,0.12,9.000000000000006e-05,9.446533780601613e-35,500.0,1,111,56.16514084507121,50.15010430162709,0.24999999999998612,3.0,0,3
ThresholdEvasionAttack,0,av1,13,0.13,8.999999999999992e-05,1.4398695597570627e-34,500.0,1,111,55.89985815602799,50.195713502971614,0.24999999999997224,3.0,0,3
ThresholdEvasionAttack,0,av1,14,0.14,8.999999999999992e-05,1.4398695597570627e-34,500.0,1,111,57.919929824561066,51.64550323329603,0.250000000000025,3.0,0,3
ThresholdEvasionAttack,0,av2,0,0.0,9e-05,1.362297049014728e-37,500.0,1,110,54.08804761904759,50.67021444575338,0.2500000000000001,24.0,0,3
ThresholdEvasionAttack,0,av2,1,0.01,9e-05,4.821350374228367e-37,500.0,1,111,59.25619791666671,49.74035211825963,0.24999999999999986,46.0,0,3
ThresholdEvasionAttack,0,av2,2,0.02,8.999999999999999e-05,6.264492729866738e-37,500.0,1,111,59.76349869451698,50.02022484441914,0.2500000000000003,69.0,0,3
ThresholdEvasionAttack,0,av2,3,0.03,9.000000000000002e-05,1.3864205865298024e-36,500.0,1,111,60.50587926509187,50.16577427391282,0.25000000000000017,90.0,0,3
ThresholdEvasionAttack,0,av2,4,0.04,8.999999999999999e-05,1.2890398501841174e-36,500.0,1,111,59.352984293193714,50.24012990640899,0.25000000000000017,108.0,0,3
ThresholdEvasionAttack,0,av2,5,0.05,8.999999999999999e-05,1.2776439434509919e-36,500.0,1,112,60.17223097112866,49.98782991372342,0.25000000000000017,128.0,0,3
ThresholdEvasionAttack,0,av2,6,0.06,9.000000000000006e-05,3.7040821115571023e-35,500.0,1,111,59.293648293962875,49.81672784551265,0.25000000000000033,149.0,0,3
ThresholdEvasionAttack,0,av2,7,0.07,9.000000000000006e-05,4.852572445366005e-35,500.0,1,111,59.56267015706856,49.71331859114755,0.25000000000000033,167.0,0,3
ThresholdEvasionAttack,0,av2,8,0.08,9.000000000000006e-05,4.852572445366005e-35,500.0,1,111,60.065669291338594,49.94437290242683,0.25000000000000033,188.0,0,3
ThresholdEvasionAttack,0,av2,9,0.09,9.000000000000006e-05,4.852572445366005e-35,500.0,1,111,59.420315789473584,49.96489625674709,0.25000000000000033,208.0,0,3
ThresholdEvasionAttack,0,av2,10,0.1,9.000000000000006e-05,4.852572445366005e-35,500.0,1,111,59.6572703412078,50.08218711491652,0.24999999999999895,229.0,0,3
ThresholdEvasionAttack,0,av2,11,0.11,9.000000000000006e-05,4.852572445366005e-35,500.0,1,111,59.34199475065567,49.79296689091749,0.25000000000000033,247.0,0,3
ThresholdEvasionAttack,0,av2,12,0.12,9.000000000000006e-05,9.446533780601613e-35,500.0,1,111,59.817643979059056,49.88112335218085,0.24999999999998612,267.0,0,3
ThresholdEvasionAttack,0,av2,13,0.13,9.000000000000018e-05,1.4032463714901495e-34,500.0,1,111,59.218534031413725,49.802010436474376,0.24999999999997224,285.0,0,3
ThresholdEvasionAttack,0,av2,14,0.14,8.999999999999999e-05,1.4309612166651108e-34,500.0,1,112,59.937801047119414,50.09707124556099,0.250000000000025,306.0,0,3
ThresholdEvasionAttack,0,radarNode,0,0.0,0.0004999999999999999,2.0945796999739823e-37,64.0,1,20,54.896869565217365,50.8577567191227,0.2500000000000001,62.0,0,3
ThresholdEvasionAttack,0,radarNode,1,0.01,0.0005,9.502943804542282e-37,64.0,1,20,59.537879518072316,50.147441232423425,0.24999999999999986,118.0,0,3
ThresholdEvasionAttack,0,radarNode,2,0.02,0.0005000000000000001,1.196666997609028e-36,64.0,1,20,59.56091566265056,50.113163593442266,0.2500000000000003,173.0,0,3
ThresholdEvasionAttack,0,radarNode,3,0.03,0.0005000000000000002,3.308432287507313e-36,64.0,1,20,60.023002421307524,50.28067546229036,0.25000000000000017,225.0,0,3
ThresholdEvasionAttack,0,radarNode,4,0.04,0.0005000000000000001,2.5341183478779418e-36,64.0,1,20,59.79873786407767,50.417635912993674,0.25000000000000017,277.0,0,3
ThresholdEvasionAttack,0,radarNode,5,0.05,0.0005000000000000001,2.5341183478779418e-36,64.0,1,20,59.90493946731234,50.16935492510038,0.25000000000000017,330.0,0,3
ThresholdEvasionAttack,0,radarNode,6,0.06,0.0004999999999999997,1.0136473391511767e-35,64.0,1,20,59.45689320388323,50.0087461163998,0.25000000000000033,384.0,0,3
ThresholdEvasionAttack,0,radarNode,7,0.07,0.0005000000000000004,0.0,64.0,1,20,59.92740920096885,50.10404929394528,0.25000000000000033,435.0,0,3
ThresholdEvasionAttack,0,radarNode,8,0.08,0.0004999999999999997,1.0136473391511767e-35,64.0,1,20,59.64430992736065,50.13437045378077,0.25000000000000033,488.0,0,3
ThresholdEvasionAttack,0,radarNode,9,0.09,0.0004999999999999997,1.0136473391511767e-35,64.0,1,20,59.46320388349518,50.31235071026179,0.25000000000000033,540.0,0,3
ThresholdEvasionAttack,0,radarNode,10,0.1,0.0005000000000000004,0.0,64.0,1,20,59.52328502415472,50.34579462234985,0.24999999999999895,594.0,0,3
ThresholdEvasionAttack,0,radarNode,11,0.11,0.0004999999999999997,1.0136473391511767e-35,64.0,1,20,59.509148418490945,49.953518394651475,0.25000000000000033,645.0,0,3
ThresholdEvasionAttack,0,radarNode,12,0.12,0.0004999999999999997,1.0136473391511767e-35,64.0,1,20,60.006924939468725,49.98220673192527,0.24999999999998612,699.0,0,3
ThresholdEvasionAttack,0,radarNode,13,0.13,0.0005000000000000004,0.0,64.0,1,20,59.70252427184484,49.965332229018045,0.24999999999997224,750.0,0,3
ThresholdEvasionAttack,0,radarNode,14,0.14,0.0005000000000000004,0.0,64.0,1,20,59.876714975844216,50.191206959093215,0.250000000000025,804.0,0,3
ThresholdEvasionAttack,0,zonalHost,0,0.0,0.0005,1.979779959279642e-37,20.0,1,20,58.9297052154195,50.48305865386198,0.2500000000000001,81.0,0,3
ThresholdEvasionAttack,0,zonalHost,1,0.01,0.0005,9.502943804542282e-37,20.0,1,20,64.36663291139247,48.943272784078054,0.24999999999999986,157.0,0,3
ThresholdEvasionAttack,0,zonalHost,2,0.02,0.0004999999999999999,1.689412231918628e-36,20.0,1,20,64.28025316455702,48.956408071939784,0.2500000000000003,231.0,0,3
ThresholdEvasionAttack,0,zonalHost,3,0.03,0.0005000000000000001,2.5341183478779418e-36,20.0,1,20,65.24615776081431,49.23715765169524,0.25000000000000017,304.0,0,3
ThresholdEvasionAttack,0,zonalHost,4,0.04,0.0005000000000000001,2.5341183478779418e-36,20.0,1,20,64.82734693877562,49.356549298671,0.25000000000000017,376.0,0,3
ThresholdEvasionAttack,0,zonalHost,5,0.05,0.0004999999999999998,4.5614130261802956e-36,20.0,1,21,64.90183206106892,49.084175561096224,0.25000000000000017,450.0,0,3
ThresholdEvasionAttack,0,zonalHost,6,0.06,0.0005000000000000004,0.0,20.0,1,20,64.69214285714261,48.942860483704294,0.25000000000000033,523.0,0,3
ThresholdEvasionAttack,0,zonalHost,7,0.07,0.0004999999999999997,1.0136473391511767e-35,20.0,1,20,64.78407124681969,48.95178956636795,0.25000000000000033,594.0,0,3
ThresholdEvasionAttack,0,zonalHost,8,0.08,0.0004999999999999997,1.0136473391511767e-35,20.0,1,20,64.93033078880444,49.06475101314686,0.25000000000000033,667.0,0,3
ThresholdEvasionAttack,0,zonalHost,9,0.09,0.0005000000000000004,0.0,20.0,1,20,65.0684693877552,49.406279705899095,0.25000000000000033,739.0,0,3
ThresholdEvasionAttack,0,zonalHost,10,0.1,0.0004999999999999997,1.0136473391511767e-35,20.0,1,20,64.39959390862985,49.3022651553955,0.24999999999999895,813.0,0,3
ThresholdEvasionAttack,0,zonalHost,11,0.11,0.0004999999999999997,1.0136473391511767e-35,20.0,1,20,64.47769820971855,49.044539358036765,0.25000000000000033,884.0,0,3
ThresholdEvasionAttack,0,zonalHost,12,0.12,0.0005000000000000004,0.0,20.0,1,20,65.22926208651504,48.86047916464753,0.24999999999998612,958.0,0,3
ThresholdEvasionAttack,0,zonalHost,13,0.13,0.0005000000000000004,0.0,20.0,1,20,64.58255102040854,48.78278604638728,0.24999999999997224,1029.0,0,3
ThresholdEvasionAttack,0,zonalHost,14,0.14,0.000499999999999999,3.851859888774472e-35,20.0,1,21,64.67654822334998,48.92091146835341,0.250000000000025,1102.0,0,3
ThresholdEvasionAttack,0,attackNode,0,0.0,0.00019299999999999997,2.143796297857727e-37,529.0,1,52,54.275044642857125,51.489518313875,0.2500000000000001,15.0,0,3
ThresholdEvasionAttack,0,attackNode,1,0.01,0.000193,1.5734159813520723e-36,529.0,1,51,56.633796526054596,49.39768294995393,0.24999999999999986,18.0,0,3
ThresholdEvasionAttack,0,attackNode,2,0.02,0.00019300000000000003,2.8700132504594103e-36,529.0,1,52,57.17238805970147,49.562115376235035,0.2500000000000003,22.0,0,3
ThresholdEvasionAttack,0,attackNode,3,0.03,0.00019300000000000003,6.721873139233882e-36,529.0,1,52,59.31697270471468,50.53461078637198,0.25000000000000017,25.0,0,3
ThresholdEvasionAttack,0,attackNode,4,0.04,0.00019300000000000008,7.741483109791831e-36,529.0,1,52,55.7656218905474,49.89166361218402,0.25000000000000017,30.0,0,3
ThresholdEvasionAttack,0,attackNode,5,0.05,0.00019299999999999995,7.137269793905638e-36,529.0,1,52,59.218217821782176,50.689810750658175,0.25000000000000017,33.0,0,3
ThresholdEvasionAttack,0,attackNode,6,0.06,0.00019300000000000008,1.5445202887340775e-35,529.0,1,52,57.240248138957526,49.54936461017038,0.25000000000000033,36.0,0,3
ThresholdEvasionAttack,0,attackNode,7,0.07,0.00019299999999999984,1.4464126929275567e-35,529.0,1,51,56.99776119402994,49.47310561824316,0.25000000000000033,40.0,0,3
ThresholdEvasionAttack,0,attackNode,8,0.08,0.0001929999999999998,1.4199012923325504e-35,529.0,1,52,59.41553349875924,50.450590536418915,0.25000000000000033,43.0,0,3
ThresholdEvasionAttack,0,attackNode,9,0.09,0.00019300000000000008,1.737113283172801e-35,529.0,1,52,55.690669975186,49.767367560763475,0.25000000000000033,46.0,0,3
ThresholdEvasionAttack,0,attackNode,10,0.1,0.00019300000000000008,1.737113283172801e-35,529.0,1,52,58.73468982630281,50.47065941003833,0.24999999999999895,51.0,0,3
ThresholdEvasionAttack,0,attackNode,11,0.11,0.00019300000000000008,1.737113283172801e-35,529.0,1,52,57.858511166252825,49.905482861790155,0.25000000000000033,54.0,0,3
ThresholdEvasionAttack,0,attackNode,12,0.12,0.00019299999999999984,2.2325065477794898e-35,529.0,1,51,56.63845771144337,49.512885374053916,0.24999999999998612,58.0,0,3
ThresholdEvasionAttack,0,attackNode,13,0.13,0.0001929999999999998,2.960645247842339e-35,529.0,1,52,59.614838709677905,50.43471154392291,0.24999999999997224,61.0,0,3
ThresholdEvasionAttack,0,attackNode,14,0.14,0.0001929999999999998,2.960645247842339e-35,529.0,1,52,56.03118811881146,49.51036880222334,0.250000000000025,64.0,0,3
SustainedNearCIRAttack,0,av1,0,0.0,9e-05,1.396471836198659e-37,500.0,1,110,51.83888888888887,51.232172030485145,0.2500000000000001,5.0,0,4
SustainedNearCIRAttack,0,av1,1,0.01,9e-05,4.781306424180024e-37,500.0,1,112,56.18708333333332,50.32092244844789,0.24999999999999986,3.0,0,4
SustainedNearCIRAttack,0,av1,2,0.02,8.999999999999999e-05,6.264492729866738e-37,500.0,1,111,56.30020833333326,50.929470873363236,0.2500000000000003,3.0,0,4
SustainedNearCIRAttack,0,av1,3,0.03,8.999999999999999e-05,1.5099033759165984e-36,500.0,1,111,57.82112676056338,51.66392040406366,0.25000000000000017,3.0,0,4
SustainedNearCIRAttack,0,av1,4,0.04,8.999999999999999e-05,1.2890398501841174e-36,500.0,1,111,56.162633451957205,50.85376929600762,0.25000000000000017,3.0,0,4
SustainedNearCIRAttack,0,av1,5,0.05,9.000000000000006e-05,1.7026569983740367e-36,500.0,1,111,56.73180212014133,50.49419693435851,0.25000000000000017,3.0,0,4
SustainedNearCIRAttack,0,av1,6,0.06,8.999999999999999e-05,3.6627203967381106e-35,500.0,1,111,57.65893617021208,51.6373853946392,0.25000000000000033,3.0,0,4
SustainedNearCIRAttack,0,av1,7,0.07,9.000000000000006e-05,4.852572445366005e-35,500.0,1,111,57.329154929577946,51.15545197162327,0.25000000000000033,3.0,0,4
SustainedNearCIRAttack,0,av1,8,0.08,9.000000000000006e-05,4.852572445366005e-35,500.0,1,111,55.290915492957446,49.813968103737565,0.25000000000000033,3.0,0,4
SustainedNearCIRAttack,0,av1,9,0.09,8.999999999999992e-05,4.85739128592744e-35,500.0,1,111,55.69274021352289,51.10242729732765,0.25000000000000033,3.0,0,4
SustainedNearCIRAttack,0,av1,10,0.1,8.999999999999999e-05,4.855046985113769e-35,500.0,1,112,55.89747368421071,51.0719004554403,0.24999999999999895,3.0,0,4
SustainedNearCIRAttack,0,av1,11,0.11,9.000000000000006e-05,4.852572445366005e-35,500.0,1,111,55.04427046263269,49.734820587199536,0.25000000000000033,3.0,0,4
SustainedNearCIRAttack,0,av1,12,0.12,9.000000000000006e-05,9.446533780601613e-35,500.0,1,111,56.16514084507121,50.15010430162709,0.24999999999998612,3.0,0,4
SustainedNearCIRAttack,0,av1,13,0.13,8.999999999999992e-05,1.4398695597570627e-34,500.0,1,111,55.89985815602799,50.195713502971614,0.24999999999997224,3.0,0,4
SustainedNearCIRAttack,0,av1,14,0.14,8.999999999999992e-05,1.4398695597570627e-34,500.0,1,111,57.919929824561066,51.64550323329603,0.250000000000025,3.0,0,4
SustainedNearCIRAttack,0,av2,0,0.0,9e-05,1.362297049014728e-37,500.0,1,110,54.08804761904759,50.67021444575338,0.2500000000000001,24.0,0,4
SustainedNearCIRAttack,0,av2,1,0.01,9e-05,4.821350374228367e-37,500.0,1,111,59.25619791666671,49.74035211825963,0.24999999999999986,46.0,0,4
SustainedNearCIRAttack,0,av2,2,0.02,8.999999999999999e-05,6.264492729866738e-37,500.0,1,111,59.76349869451698,50.02022484441914,0.2500000000000003,69.0,0,4
SustainedNearCIRAttack,0,av2,3,0.03,9.000000000000002e-05,1.3864205865298024e-36,500.0,1,111,60.50587926509187,50.16577427391282,0.25000000000000017,90.0,0,4
SustainedNearCIRAttack,0,av2,4,0.04,8.999999999999999e-05,1.2890398501841174e-36,500.0,1,111,59.352984293193714,50.24012990640899,0.25000000000000017,108.0,0,4
SustainedNearCIRAttack,0,av2,5,0.05,8.999999999999999e-05,1.2776439434509919e-36,500.0,1,112,60.17223097112866,49.98782991372342,0.25000000000000017,128.0,0,4
SustainedNearCIRAttack,0,av2,6,0.06,9.000000000000006e-05,3.7040821115571023e-35,500.0,1,111,59.293648293962875,49.81672784551265,0.25000000000000033,149.0,0,4
SustainedNearCIRAttack,0,av2,7,0.07,9.000000000000006e-05,4.852572445366005e-35,500.0,1,111,59.56267015706856,49.71331859114755,0.25000000000000033,167.0,0,4
SustainedNearCIRAttack,0,av2,8,0.08,9.000000000000006e-05,4.852572445366005e-35,500.0,1,111,60.065669291338594,49.94437290242683,0.25000000000000033,188.0,0,4
SustainedNearCIRAttack,0,av2,9,0.09,9.000000000000006e-05,4.852572445366005e-35,500.0,1,111,59.420315789473584,49.96489625674709,0.25000000000000033,208.0,0,4
SustainedNearCIRAttack,0,av2,10,0.1,9.000000000000006e-05,4.852572445366005e-35,500.0,1,111,59.6572703412078,50.08218711491652,0.24999999999999895,229.0,0,4
SustainedNearCIRAttack,0,av2,11,0.11,9.000000000000006e-05,4.852572445366005e-35,500.0,1,111,59.34199475065567,49.79296689091749,0.25000000000000033,247.0,0,4
SustainedNearCIRAttack,0,av2,12,0.12,9.000000000000006e-05,9.446533780601613e-35,500.0,1,111,59.817643979059056,49.88112335218085,0.24999999999998612,267.0,0,4
SustainedNearCIRAttack,0,av2,13,0.13,9.000000000000018e-05,1.4032463714901495e-34,500.0,1,111,59.218534031413725,49.802010436474376,0.24999999999997224,285.0,0,4
SustainedNearCIRAttack,0,av2,14,0.14,8.999999999999999e-05,1.4309612166651108e-34,500.0,1,112,59.937801047119414,50.09707124556099,0.250000000000025,306.0,0,4
SustainedNearCIRAttack,0,radarNode,0,0.0,0.0004999999999999999,2.0945796999739823e-37,64.0,1,20,54.896869565217365,50.8577567191227,0.2500000000000001,62.0,0,4
SustainedNearCIRAttack,0,radarNode,1,0.01,0.0005,9.502943804542282e-37,64.0,1,20,59.537879518072316,50.147441232423425,0.24999999999999986,118.0,0,4
SustainedNearCIRAttack,0,radarNode,2,0.02,0.0005000000000000001,1.196666997609028e-36,64.0,1,20,59.56091566265056,50.113163593442266,0.2500000000000003,173.0,0,4
SustainedNearCIRAttack,0,radarNode,3,0.03,0.0005000000000000002,3.308432287507313e-36,64.0,1,20,60.023002421307524,50.28067546229036,0.25000000000000017,225.0,0,4
SustainedNearCIRAttack,0,radarNode,4,0.04,0.0005000000000000001,2.5341183478779418e-36,64.0,1,20,59.79873786407767,50.417635912993674,0.25000000000000017,277.0,0,4
SustainedNearCIRAttack,0,radarNode,5,0.05,0.0005000000000000001,2.5341183478779418e-36,64.0,1,20,59.90493946731234,50.16935492510038,0.25000000000000017,330.0,0,4
SustainedNearCIRAttack,0,radarNode,6,0.06,0.0004999999999999997,1.0136473391511767e-35,64.0,1,20,59.45689320388323,50.0087461163998,0.25000000000000033,384.0,0,4
SustainedNearCIRAttack,0,radarNode,7,0.07,0.0005000000000000004,0.0,64.0,1,20,59.92740920096885,50.10404929394528,0.25000000000000033,435.0,0,4
SustainedNearCIRAttack,0,radarNode,8,0.08,0.0004999999999999997,1.0136473391511767e-35,64.0,1,20,59.64430992736065,50.13437045378077,0.25000000000000033,488.0,0,4
SustainedNearCIRAttack,0,radarNode,9,0.09,0.0004999999999999997,1.0136473391511767e-35,64.0,1,20,59.46320388349518,50.31235071026179,0.25000000000000033,540.0,0,4
SustainedNearCIRAttack,0,radarNode,10,0.1,0.0005000000000000004,0.0,64.0,1,20,59.52328502415472,50.34579462234985,0.24999999999999895,594.0,0,4
SustainedNearCIRAttack,0,radarNode,11,0.11,0.0004999999999999997,1.0136473391511767e-35,64.0,1,20,59.509148418490945,49.953518394651475,0.25000000000000033,645.0,0,4
SustainedNearCIRAttack,0,radarNode,12,0.12,0.0004999999999999997,1.0136473391511767e-35,64.0,1,20,60.006924939468725,49.98220673192527,0.24999999999998612,699.0,0,4
SustainedNearCIRAttack,0,radarNode,13,0.13,0.0005000000000000004,0.0,64.0,1,20,59.70252427184484,49.965332229018045,0.24999999999997224,750.0,0,4
SustainedNearCIRAttack,0,radarNode,14,0.14,0.0005000000000000004,0.0,64.0,1,20,59.876714975844216,50.191206959093215,0.250000000000025,804.0,0,4
SustainedNearCIRAttack,0,zonalHost,0,0.0,0.0005,1.979779959279642e-37,20.0,1,20,58.9297052154195,50.48305865386198,0.2500000000000001,81.0,0,4
SustainedNearCIRAttack,0,zonalHost,1,0.01,0.0005,9.502943804542282e-37,20.0,1,20,64.36663291139247,48.943272784078054,0.24999999999999986,157.0,0,4
SustainedNearCIRAttack,0,zonalHost,2,0.02,0.0004999999999999999,1.689412231918628e-36,20.0,1,20,64.28025316455702,48.956408071939784,0.2500000000000003,231.0,0,4
SustainedNearCIRAttack,0,zonalHost,3,0.03,0.0005000000000000001,2.5341183478779418e-36,20.0,1,20,65.24615776081431,49.23715765169524,0.25000000000000017,304.0,0,4
SustainedNearCIRAttack,0,zonalHost,4,0.04,0.0005000000000000001,2.5341183478779418e-36,20.0,1,20,64.82734693877562,49.356549298671,0.25000000000000017,376.0,0,4
SustainedNearCIRAttack,0,zonalHost,5,0.05,0.0004999999999999998,4.5614130261802956e-36,20.0,1,21,64.90183206106892,49.084175561096224,0.25000000000000017,450.0,0,4
SustainedNearCIRAttack,0,zonalHost,6,0.06,0.0005000000000000004,0.0,20.0,1,20,64.69214285714261,48.942860483704294,0.25000000000000033,523.0,0,4
SustainedNearCIRAttack,0,zonalHost,7,0.07,0.0004999999999999997,1.0136473391511767e-35,20.0,1,20,64.78407124681969,48.95178956636795,0.25000000000000033,594.0,0,4
SustainedNearCIRAttack,0,zonalHost,8,0.08,0.0004999999999999997,1.0136473391511767e-35,20.0,1,20,64.93033078880444,49.06475101314686,0.25000000000000033,667.0,0,4
SustainedNearCIRAttack,0,zonalHost,9,0.09,0.0005000000000000004,0.0,20.0,1,20,65.0684693877552,49.406279705899095,0.25000000000000033,739.0,0,4
SustainedNearCIRAttack,0,zonalHost,10,0.1,0.0004999999999999997,1.0136473391511767e-35,20.0,1,20,64.39959390862985,49.3022651553955,0.24999999999999895,813.0,0,4
SustainedNearCIRAttack,0,zonalHost,11,0.11,0.0004999999999999997,1.0136473391511767e-35,20.0,1,20,64.47769820971855,49.044539358036765,0.25000000000000033,884.0,0,4
SustainedNearCIRAttack,0,zonalHost,12,0.12,0.0005000000000000004,0.0,20.0,1,20,65.22926208651504,48.86047916464753,0.24999999999998612,958.0,0,4
SustainedNearCIRAttack,0,zonalHost,13,0.13,0.0005000000000000004,0.0,20.0,1,20,64.58255102040854,48.78278604638728,0.24999999999997224,1029.0,0,4
SustainedNearCIRAttack,0,zonalHost,14,0.14,0.000499999999999999,3.851859888774472e-35,20.0,1,21,64.67654822334998,48.92091146835341,0.250000000000025,1102.0,0,4
SustainedNearCIRAttack,0,attackNode,0,0.0,0.00019299999999999997,2.143796297857727e-37,529.0,1,52,54.275044642857125,51.489518313875,0.2500000000000001,15.0,0,4
SustainedNearCIRAttack,0,attackNode,1,0.01,0.000193,1.5734159813520723e-36,529.0,1,51,56.633796526054596,49.39768294995393,0.24999999999999986,18.0,0,4
SustainedNearCIRAttack,0,attackNode,2,0.02,0.00019300000000000003,2.8700132504594103e-36,529.0,1,52,57.17238805970147,49.562115376235035,0.2500000000000003,22.0,0,4
SustainedNearCIRAttack,0,attackNode,3,0.03,0.00019300000000000003,6.721873139233882e-36,529.0,1,52,59.31697270471468,50.53461078637198,0.25000000000000017,25.0,0,4
SustainedNearCIRAttack,0,attackNode,4,0.04,0.00019300000000000008,7.741483109791831e-36,529.0,1,52,55.7656218905474,49.89166361218402,0.25000000000000017,30.0,0,4
SustainedNearCIRAttack,0,attackNode,5,0.05,0.00019299999999999995,7.137269793905638e-36,529.0,1,52,59.218217821782176,50.689810750658175,0.25000000000000017,33.0,0,4
SustainedNearCIRAttack,0,attackNode,6,0.06,0.00019300000000000008,1.5445202887340775e-35,529.0,1,52,57.240248138957526,49.54936461017038,0.25000000000000033,36.0,0,4
SustainedNearCIRAttack,0,attackNode,7,0.07,0.00019299999999999984,1.4464126929275567e-35,529.0,1,51,56.99776119402994,49.47310561824316,0.25000000000000033,40.0,0,4
SustainedNearCIRAttack,0,attackNode,8,0.08,0.0001929999999999998,1.4199012923325504e-35,529.0,1,52,59.41553349875924,50.450590536418915,0.25000000000000033,43.0,0,4
SustainedNearCIRAttack,0,attackNode,9,0.09,0.00019300000000000008,1.737113283172801e-35,529.0,1,52,55.690669975186,49.767367560763475,0.25000000000000033,46.0,0,4
SustainedNearCIRAttack,0,attackNode,10,0.1,0.00019300000000000008,1.737113283172801e-35,529.0,1,52,58.73468982630281,50.47065941003833,0.24999999999999895,51.0,0,4
SustainedNearCIRAttack,0,attackNode,11,0.11,0.00019300000000000008,1.737113283172801e-35,529.0,1,52,57.858511166252825,49.905482861790155,0.25000000000000033,54.0,0,4
SustainedNearCIRAttack,0,attackNode,12,0.12,0.00019299999999999984,2.2325065477794898e-35,529.0,1,51,56.63845771144337,49.512885374053916,0.24999999999998612,58.0,0,4
SustainedNearCIRAttack,0,attackNode,13,0.13,0.0001929999999999998,2.960645247842339e-35,529.0,1,52,59.614838709677905,50.43471154392291,0.24999999999997224,61.0,0,4
SustainedNearCIRAttack,0,attackNode,14,0.14,0.0001929999999999998,2.960645247842339e-35,529.0,1,52,56.03118811881146,49.51036880222334,0.250000000000025,64.0,0,4
LowAndSlowDriftAttack,0,av1,0,0.0,9e-05,1.396471836198659e-37,500.0,1,110,51.38668571428568,51.25530753579204,0.2500000000000001,7.0,0,5
LowAndSlowDriftAttack,0,av1,1,0.01,9e-05,4.781306424180024e-37,500.0,1,112,57.212525951557,51.23922388252494,0.24999999999999986,3.0,0,5
LowAndSlowDriftAttack,0,av1,2,0.02,8.999999999999999e-05,6.264492729866738e-37,500.0,1,111,56.08623693379784,50.65941510653929,0.2500000000000003,3.0,0,5
LowAndSlowDriftAttack,0,av1,3,0.03,8.999999999999999e-05,1.5099033759165984e-36,500.0,1,111,56.083506944444494,49.96110839910221,0.25000000000000017,3.0,0,5
LowAndSlowDriftAttack,0,av1,4,0.04,8.999999999999999e-05,1.2890398501841174e-36,500.0,1,111,55.24437499999996,50.3215063674801,0.25000000000000017,3.0,0,5
LowAndSlowDriftAttack,0,av1,5,0.05,9.000000000000006e-05,1.7026569983740367e-36,500.0,1,111,55.623965517241395,49.51878589174576,0.25000000000000017,3.0,0,5
LowAndSlowDriftAttack,0,av1,6,0.06,8.999999999999999e-05,3.6627203967381106e-35,500.0,1,111,58.36104529616693,50.83570143965329,0.25000000000000033,3.0,0,5
LowAndSlowDriftAttack,0,av1,7,0.07,9.000000000000006e-05,4.852572445366005e-35,500.0,1,111,57.42103806228419,50.97682039582873,0.25000000000000033,3.0,0,5
LowAndSlowDriftAttack,0,av1,8,0.08,9.000000000000006e-05,4.852572445366005e-35,500.0,1,111,54.976794425086915,49.025874125244606,0.25000000000000033,3.0,0,5
LowAndSlowDriftAttack,0,av1,9,0.09,8.999999999999992e-05,4.85739128592744e-35,500.0,1,111,56.35782006920352,51.688195270301364,0.25000000000000033,3.0,0,5
LowAndSlowDriftAttack,0,av1,10,0.1,8.999999999999999e-05,4.855046985113769e-35,500.0,1,112,54.91245674740475,51.79480581649408,0.24999999999999895,3.0,0,5
LowAndSlowDriftAttack,0,av1,11,0.11,9.000000000000006e-05,4.852572445366005e-35,500.0,1,111,55.11326388888833,51.229239450491505,0.25000000000000033,3.0,0,5
LowAndSlowDriftAttack,0,av1,12,0.12,9.000000000000006e-05,9.446533780601613e-35,500.0,1,111,57.89857638888965,51.86296928429363,0.24999999999998612,3.0,0,5
LowAndSlowDriftAttack,0,av1,13,0.13,8.999999999999992e-05,1.4398695597570627e-34,500.0,1,111,56.46600694444505,50.10276451677071,0.24999999999997224,3.0,0,5
LowAndSlowDriftAttack,0,av1,14,0.14,8.999999999999992e-05,1.4398695597570627e-34,500.0,1,111,57.1033910034601,51.072912357290846,0.250000000000025,3.0,0,5
LowAndSlowDriftAttack,0,av2,0,0.0,9e-05,1.362297049014728e-37,500.0,1,110,50.977917620137276,50.43178150977891,0.2500000000000001,16.0,0,5
LowAndSlowDriftAttack,0,av2,1,0.01,9e-05,4.821350374228367e-37,500.0,1,111,59.022202970297045,50.72049191498109,0.24999999999999986,19.0,0,5
LowAndSlowDriftAttack,0,av2,2,0.02,8.999999999999999e-05,6.264492729866738e-37,500.0,1,111,57.596508728179565,50.41277470820808,0.2500000000000003,23.0,0,5
LowAndSlowDriftAttack,0,av2,3,0.03,9.000000000000002e-05,1.3864205865298024e-36,500.0,1,111,57.936451612903305,50.08504055729998,0.25000000000000017,26.0,0,5
LowAndSlowDriftAttack,0,av2,4,0.04,8.999999999999999e-05,1.2890398501841174e-36,500.0,1,111,58.48007462686562,50.554217356350414,0.25000000000000017,30.0,0,5
LowAndSlowDriftAttack,0,av2,5,0.05,8.999999999999999e-05,1.2776439434509919e-36,500.0,1,112,56.353094059405954,49.79117608534018,0.25000000000000017,33.0,0,5
LowAndSlowDriftAttack,0,av2,6,0.06,9.000000000000006e-05,3.7040821115571023e-35,500.0,1,111,60.10218362282846,50.58399976804257,0.25000000000000033,38.0,0,5
LowAndSlowDriftAttack,0,av2,7,0.07,9.000000000000006e-05,4.852572445366005e-35,500.0,1,111,56.68069651741358,49.857633352412755,0.25000000000000033,42.0,0,5
LowAndSlowDriftAttack,0,av2,8,0.08,9.000000000000006e-05,4.852572445366005e-35,500.0,1,111,58.181488833746926,49.890620074415956,0.25000000000000033,46.0,0,5
LowAndSlowDriftAttack,0,av2,9,0.09,9.000000000000006e-05,4.852572445366005e-35,500.0,1,111,57.37320895522364,50.43952608245436,0.25000000000000033,49.0,0,5
LowAndSlowDriftAttack,0,av2,10,0.1,9.000000000000006e-05,4.852572445366005e-35,500.0,1,111,57.40655086848682,50.83856571975674,0.24999999999999895,53.0,0,5
LowAndSlowDriftAttack,0,av2,11,0.11,9.000000000000006e-05,4.852572445366005e-35,500.0,1,111,58.63915422885554,51.28705016370987,0.25000000000000033,57.0,0,5
LowAndSlowDriftAttack,0,av2,12,0.12,9.000000000000006e-05,9.446533780601613e-35,500.0,1,111,56.41261194029991,49.956345625187005,0.24999999999998612,60.0,0,5
LowAndSlowDriftAttack,0,av2,13,0.13,9.000000000000018e-05,1.4032463714901495e-34,500.0,1,111,59.01106699751926,50.1803088979879,0.24999999999997224,65.0,0,5
LowAndSlowDriftAttack,0,av2,14,0.14,8.999999999999999e-05,1.4309612166651108e-34,500.0,1,112,56.46665012406893,49.73115910587651,0.250000000000025,68.0,0,5
LowAndSlowDriftAttack,0,radarNode,0,0.0,0.0004999999999999999,2.0945796999739823e-37,64.0,1,20,55.26954741379307,50.91602164825791,0.2500000000000001,66.0,0,5
LowAndSlowDriftAttack,0,radarNode,1,0.01,0.0005,9.502943804542282e-37,64.0,1,20,60.36608173076925,50.368725750874404,0.24999999999999986,121.0,0,5
LowAndSlowDriftAttack,0,radarNode,2,0.02,0.0005000000000000001,1.196666997609028e-36,64.0,1,20,60.3503381642512,50.146495061525314,0.2500000000000003,177.0,0,5
LowAndSlowDriftAttack,0,radarNode,3,0.03,0.0005000000000000002,3.308432287507313e-36,64.0,1,20,60.647301204819335,50.17563141474147,0.25000000000000017,232.0,0,5
LowAndSlowDriftAttack,0,radarNode,4,0.04,0.0005000000000000001,2.5341183478779418e-36,64.0,1,20,60.00180722891569,50.2150775455899,0.25000000000000017,287.0,0,5
LowAndSlowDriftAttack,0,radarNode,5,0.05,0.0005000000000000001,2.5341183478779418e-36,64.0,1,20,60.081654676258964,49.99709972738114,0.25000000000000017,343.0,0,5
LowAndSlowDriftAttack,0,radarNode,6,0.06,0.0004999999999999997,1.0136473391511767e-35,64.0,1,20,61.05961445783137,50.100287504799034,0.25000000000000033,398.0,0,5
LowAndSlowDriftAttack,0,radarNode,7,0.07,0.0005000000000000004,0.0,64.0,1,20,60.39180722891596,50.09985871099114,0.25000000000000033,453.0,0,5
LowAndSlowDriftAttack,0,radarNode,8,0.08,0.0004999999999999997,1.0136473391511767e-35,64.0,1,20,59.85334939759029,49.695691252789864,0.25000000000000033,509.0,0,5
LowAndSlowDriftAttack,0,radarNode,9,0.09,0.0004999999999999997,1.0136473391511767e-35,64.0,1,20,59.771253012048106,50.303589905327456,0.25000000000000033,563.0,0,5
LowAndSlowDriftAttack,0,radarNode,10,0.1,0.0005000000000000004,0.0,64.0,1,20,59.94004807692324,50.89963186363018,0.24999999999999895,619.0,0,5
LowAndSlowDriftAttack,0,radarNode,11,0.11,0.0004999999999999997,1.0136473391511767e-35,64.0,1,20,59.8566265060238,50.68577702331093,0.25000000000000033,674.0,0,5
LowAndSlowDriftAttack,0,radarNode,12,0.12,0.0004999999999999997,1.0136473391511767e-35,64.0,1,20,60.47033734939892,50.198284921545905,0.24999999999998612,730.0,0,5
LowAndSlowDriftAttack,0,radarNode,13,0.13,0.0005000000000000004,0.0,64.0,1,20,60.09662650602475,49.70927773018632,0.24999999999997224,785.0,0,5
LowAndSlowDriftAttack,0,radarNode,14,0.14,0.0005000000000000004,0.0,64.0,1,20,59.92725961538397,49.98010800153994,0.250000000000025,840.0,0,5
LowAndSlowDriftAttack,0,zonalHost,0,0.0,0.0005,1.979779959279642e-37,20.0,1,20,57.66015350877191,50.8875328303387,0.2500000000000001,74.0,0,5
LowAndSlowDriftAttack,0,zonalHost,1,0.01,0.0005,9.502943804542282e-37,20.0,1,20,63.627701711491476,49.68822531446459,0.24999999999999986,136.0,0,5
LowAndSlowDriftAttack,0,zonalHost,2,0.02,0.0004999999999999999,1.689412231918628e-36,20.0,1,20,63.422450980392234,49.18605563237205,0.2500000000000003,199.0,0,5
LowAndSlowDriftAttack,0,zonalHost,3,0.03,0.0005000000000000001,2.5341183478779418e-36,20.0,1,20,63.848308823529486,49.97639055697598,0.25000000000000017,261.0,0,5
LowAndSlowDriftAttack,0,zonalHost,4,0.04,0.0005000000000000001,2.5341183478779418e-36,20.0,1,20,63.02252450980408,49.726983200575766,0.25000000000000017,323.0,0,5
LowAndSlowDriftAttack,0,zonalHost,5,0.05,0.0004999999999999998,4.5614130261802956e-36,20.0,1,21,63.01417073170741,49.15181303985888,0.25000000000000017,385.0,0,5
LowAndSlowDriftAttack,0,zonalHost,6,0.06,0.0005000000000000004,0.0,20.0,1,20,63.927970660146855,49.74676925699694,0.25000000000000033,447.0,0,5
LowAndSlowDriftAttack,0,zonalHost,7,0.07,0.0004999999999999997,1.0136473391511767e-35,20.0,1,20,63.005588235294574,49.49509532345755,0.25000000000000033,509.0,0,5
LowAndSlowDriftAttack,0,zonalHost,8,0.08,0.0004999999999999997,1.0136473391511767e-35,20.0,1,20,62.97936274509848,48.98756988290678,0.25000000000000033,572.0,0,5
LowAndSlowDriftAttack,0,zonalHost,9,0.09,0.0005000000000000004,0.0,20.0,1,20,62.70075980392146,49.96856330319978,0.25000000000000033,632.0,0,5
LowAndSlowDriftAttack,0,zonalHost,10,0.1,0.0004999999999999997,1.0136473391511767e-35,20.0,1,20,62.87995110024497,50.49646090780255,0.24999999999999895,695.0,0,5
LowAndSlowDriftAttack,0,zonalHost,11,0.11,0.0004999999999999997,1.0136473391511767e-35,20.0,1,20,63.0965770171151,49.64347243013038,0.25000000000000033,757.0,0,5
LowAndSlowDriftAttack,0,zonalHost,12,0.12,0.0005000000000000004,0.0,20.0,1,20,63.75291666666766,50.05407100967629,0.24999999999998612,820.0,0,5
LowAndSlowDriftAttack,0,zonalHost,13,0.13,0.0005000000000000004,0.0,20.0,1,20,63.19151960784424,49.38447300617785,0.24999999999997224,881.0,0,5
LowAndSlowDriftAttack,0,zonalHost,14,0.14,0.000499999999999999,3.851859888774472e-35,20.0,1,21,62.52581907090498,49.01991403937563,0.250000000000025,943.0,0,5
LowAndSlowDriftAttack,0,attackNode,0,0.0,,,,0,0,54.275044642857125,51.489518313875,0.2500000000000001,15.0,0,5
LowAndSlowDriftAttack,0,attackNode,1,0.01,,,,0,0,56.633796526054596,49.39768294995393,0.24999999999999986,18.0,0,5
LowAndSlowDriftAttack,0,attackNode,2,0.02,,,,0,0,57.17238805970147,49.562115376235035,0.2500000000000003,22.0,0,5
LowAndSlowDriftAttack,0,attackNode,3,0.03,,,,0,0,59.31697270471468,50.53461078637198,0.25000000000000017,25.0,0,5
LowAndSlowDriftAttack,0,attackNode,4,0.04,,,,0,0,55.7656218905474,49.89166361218402,0.25000000000000017,30.0,0,5
LowAndSlowDriftAttack,0,attackNode,5,0.05,,,,0,0,59.218217821782176,50.689810750658175,0.25000000000000017,33.0,0,5
LowAndSlowDriftAttack,0,attackNode,6,0.06,,,,0,0,57.240248138957526,49.54936461017038,0.25000000000000033,36.0,0,5
LowAndSlowDriftAttack,0,attackNode,7,0.07,,,,0,0,56.99776119402994,49.47310561824316,0.25000000000000033,40.0,0,5
LowAndSlowDriftAttack,0,attackNode,8,0.08,,,,0,0,59.41553349875924,50.450590536418915,0.25000000000000033,43.0,0,5
LowAndSlowDriftAttack,0,attackNode,9,0.09,,,,0,0,55.690669975186,49.767367560763475,0.25000000000000033,46.0,0,5
LowAndSlowDriftAttack,0,attackNode,10,0.1,,,,0,0,58.73468982630281,50.47065941003833,0.24999999999999895,51.0,0,5
LowAndSlowDriftAttack,0,attackNode,11,0.11,,,,0,0,57.858511166252825,49.905482861790155,0.25000000000000033,54.0,0,5
LowAndSlowDriftAttack,0,attackNode,12,0.12,,,,0,0,56.63845771144337,49.512885374053916,0.24999999999998612,58.0,0,5
LowAndSlowDriftAttack,0,attackNode,13,0.13,,,,0,0,59.614838709677905,50.43471154392291,0.24999999999997224,61.0,0,5
LowAndSlowDriftAttack,0,attackNode,14,0.14,,,,0,0,56.03118811881146,49.51036880222334,0.250000000000025,64.0,0,5
CBSBoundaryAttack,0,av1,0,0.0,9e-05,1.396471836198659e-37,500.0,1,110,52.88917847025494,51.48756824417106,0.2500000000000001,13.0,0,6
CBSBoundaryAttack,0,av1,1,0.01,9e-05,4.781306424180024e-37,500.0,1,112,54.2251590106006,49.10252704232951,0.24999999999999986,3.0,0,6
CBSBoundaryAttack,0,av1,2,0.02,8.999999999999999e-05,6.264492729866738e-37,500.0,1,111,55.911872791519365,50.65322939959374,0.2500000000000003,3.0,0,6
CBSBoundaryAttack,0,av1,3,0.03,8.999999999999999e-05,1.5099033759165984e-36,500.0,1,111,56.66890459363949,51.29644188649185,0.25000000000000017,3.0,0,6
CBSBoundaryAttack,0,av1,4,0.04,8.999999999999999e-05,1.2890398501841174e-36,500.0,1,111,56.33312056737596,50.27027944940571,0.25000000000000017,3.0,0,6
CBSBoundaryAttack,0,av1,5,0.05,9.000000000000006e-05,1.7026569983740367e-36,500.0,1,111,55.89837455830377,50.179957134873575,0.25000000000000017,3.0,0,6
CBSBoundaryAttack,0,av1,6,0.06,8.999999999999999e-05,3.6627203967381106e-35,500.0,1,111,56.536466431094844,50.8500936513303,0.25000000000000033,3.0,0,6
CBSBoundaryAttack,0,av1,7,0.07,9.000000000000006e-05,4.852572445366005e-35,500.0,1,111,57.199290780141894,50.713676082925126,0.25000000000000033,3.0,0,6
CBSBoundaryAttack,0,av1,8,0.08,9.000000000000006e-05,4.852572445366005e-35,500.0,1,111,56.12429577464748,49.98045336512667,0.25000000000000033,3.0,0,6
CBSBoundaryAttack,0,av1,9,0.09,8.999999999999992e-05,4.85739128592744e-35,500.0,1,111,55.45553191489326,50.66503902350614,0.25000000000000033,3.0,0,6
CBSBoundaryAttack,0,av1,10,0.1,8.999999999999999e-05,4.855046985113769e-35,500.0,1,112,56.79307420494746,50.99341362092043,0.24999999999999895,3.0,0,6
CBSBoundaryAttack,0,av1,11,0.11,9.000000000000006e-05,4.852572445366005e-35,500.0,1,111,56.20492957746415,50.300168342966124,0.25000000000000033,3.0,0,6
CBSBoundaryAttack,0,av1,12,0.12,9.000000000000006e-05,9.446533780601613e-35,500.0,1,111,55.53248226950429,50.27505755662207,0.24999999999998612,3.0,0,6
CBSBoundaryAttack,0,av1,13,0.13,8.999999999999992e-05,1.4398695597570627e-34,500.0,1,111,55.491166077737965,50.09951166631114,0.24999999999997224,3.0,0,6
CBSBoundaryAttack,0,av1,14,0.14,8.999999999999992e-05,1.4398695597570627e-34,500.0,1,111,58.06232394366188,50.73235137318493,0.250000000000025,3.0,0,6
CBSBoundaryAttack,0,av2,0,0.0,9e-05,1.362297049014728e-37,500.0,1,110,54.19239436619716,50.58520116904098,0.2500000000000001,29.0,0,6
CBSBoundaryAttack,0,av2,1,0.01,9e-05,4.821350374228367e-37,500.0,1,111,59.48105263157892,49.72864047329026,0.24999999999999986,50.0,0,6
CBSBoundaryAttack,0,av2,2,0.02,8.999999999999999e-05,6.264492729866738e-37,500.0,1,111,59.8352230971129,49.933147805367966,0.2500000000000003,71.0,0,6
CBSBoundaryAttack,0,av2,3,0.03,9.000000000000002e-05,1.3864205865298024e-36,500.0,1,111,59.63410526315796,49.76079688454748,0.25000000000000017,91.0,0,6
CBSBoundaryAttack,0,av2,4,0.04,8.999999999999999e-05,1.2890398501841174e-36,500.0,1,111,59.45831578947372,49.92745598902363,0.25000000000000017,112.0,0,6
CBSBoundaryAttack,0,av2,5,0.05,8.999999999999999e-05,1.2776439434509919e-36,500.0,1,112,59.36073298429317,50.014924780245785,0.25000000000000017,132.0,0,6
CBSBoundaryAttack,0,av2,6,0.06,9.000000000000006e-05,3.7040821115571023e-35,500.0,1,111,59.69705263157854,49.9128589852519,0.25000000000000033,152.0,0,6
CBSBoundaryAttack,0,av2,7,0.07,9.000000000000006e-05,4.852572445366005e-35,500.0,1,111,60.03905263157945,50.06840782266702,0.25000000000000033,173.0,0,6
CBSBoundaryAttack,0,av2,8,0.08,9.000000000000006e-05,4.852572445366005e-35,500.0,1,111,59.55438320209959,49.750253730642356,0.25000000000000033,193.0,0,6
CBSBoundaryAttack,0,av2,9,0.09,9.000000000000006e-05,4.852572445366005e-35,500.0,1,111,59.93652631578939,50.04494989044914,0.25000000000000033,214.0,0,6
CBSBoundaryAttack,0,av2,10,0.1,9.000000000000006e-05,4.852572445366005e-35,500.0,1,111,60.12515789473748,49.715791333242606,0.24999999999999895,234.0,0,6
CBSBoundaryAttack,0,av2,11,0.11,9.000000000000006e-05,4.852572445366005e-35,500.0,1,111,59.410446194225344,49.6334861609037,0.25000000000000033,255.0,0,6
CBSBoundaryAttack,0,av2,12,0.12,9.000000000000006e-05,9.446533780601613e-35,500.0,1,111,59.679578947369805,50.167012254625156,0.24999999999998612,275.0,0,6
CBSBoundaryAttack,0,av2,13,0.13,9.000000000000018e-05,1.4032463714901495e-34,500.0,1,111,59.69370078740168,49.89429266174221,0.24999999999997224,296.0,0,6
CBSBoundaryAttack,0,av2,14,0.14,8.999999999999999e-05,1.4309612166651108e-34,500.0,1,112,60.03301837270284,49.766741108919916,0.250000000000025,316.0,0,6
CBSBoundaryAttack,0,radarNode,0,0.0,0.0004999999999999999,2.0945796999739823e-37,64.0,1,20,55.30812903225804,50.89538999329431,0.2500000000000001,69.0,0,6
CBSBoundaryAttack,0,radarNode,1,0.01,0.0005,9.502943804542282e-37,64.0,1,20,59.209708737864055,49.9853833127958,0.24999999999999986,122.0,0,6
CBSBoundaryAttack,0,radarNode,2,0.02,0.0005000000000000001,1.196666997609028e-36,64.0,1,20,59.7449394673123,50.31560566663878,0.2500000000000003,174.0,0,6
CBSBoundaryAttack,0,radarNode,3,0.03,0.0005000000000000002,3.308432287507313e-36,64.0,1,20,59.81223300970878,50.22277225916241,0.25000000000000017,227.0,0,6
CBSBoundaryAttack,0,radarNode,4,0.04,0.0005000000000000001,2.5341183478779418e-36,64.0,1,20,59.90368932038844,50.248938040423695,0.25000000000000017,279.0,0,6
CBSBoundaryAttack,0,radarNode,5,0.05,0.0005000000000000001,2.5341183478779418e-36,64.0,1,20,59.49381642512063,50.21364139846917,0.25000000000000017,331.0,0,6
CBSBoundaryAttack,0,radarNode,6,0.06,0.0004999999999999997,1.0136473391511767e-35,64.0,1,20,59.81679611650457,50.25243567158389,0.25000000000000033,384.0,0,6
CBSBoundaryAttack,0,radarNode,7,0.07,0.0005000000000000004,0.0,64.0,1,20,60.16728155339834,50.21159569246695,0.25000000000000033,437.0,0,6
CBSBoundaryAttack,0,radarNode,8,0.08,0.0004999999999999997,1.0136473391511767e-35,64.0,1,20,59.44353510895861,50.0141293443625,0.25000000000000033,489.0,0,6
CBSBoundaryAttack,0,radarNode,9,0.09,0.0004999999999999997,1.0136473391511767e-35,64.0,1,20,59.68533980582524,50.294803576455294,0.25000000000000033,542.0,0,6
CBSBoundaryAttack,0,radarNode,10,0.1,0.0005000000000000004,0.0,64.0,1,20,59.891476997579026,50.22519884506937,0.24999999999999895,595.0,0,6
CBSBoundaryAttack,0,radarNode,11,0.11,0.0004999999999999997,1.0136473391511767e-35,64.0,1,20,59.411089588377315,49.91426854023826,0.25000000000000033,647.0,0,6
CBSBoundaryAttack,0,radarNode,12,0.12,0.0004999999999999997,1.0136473391511767e-35,64.0,1,20,59.86592233009829,50.22336017651323,0.24999999999998612,700.0,0,6
CBSBoundaryAttack,0,radarNode,13,0.13,0.0005000000000000004,0.0,64.0,1,20,59.76469733656212,50.11267186815112,0.24999999999997224,752.0,0,6
CBSBoundaryAttack,0,radarNode,14,0.14,0.0005000000000000004,0.0,64.0,1,20,59.82426150120964,49.98219649296639,0.250000000000025,805.0,0,6
CBSBoundaryAttack,0,zonalHost,0,0.0,0.0005,1.979779959279642e-37,20.0,1,20,58.755426008968605,50.49120311119413,0.2500000000000001,88.0,0,6
CBSBoundaryAttack,0,zonalHost,1,0.01,0.0005,9.502943804542282e-37,20.0,1,20,64.39142857142858,49.27329420944607,0.24999999999999986,160.0,0,6
CBSBoundaryAttack,0,zonalHost,2,0.02,0.0004999999999999999,1.689412231918628e-36,20.0,1,20,64.67516539440211,49.26690015676595,0.2500000000000003,233.0,0,6
CBSBoundaryAttack,0,zonalHost,3,0.03,0.0005000000000000001,2.5341183478779418e-36,20.0,1,20,64.84153061224507,49.08975036084514,0.25000000000000017,305.0,0,6
CBSBoundaryAttack,0,zonalHost,4,0.04,0.0005000000000000001,2.5341183478779418e-36,20.0,1,20,64.81836734693898,49.10175237534974,0.25000000000000017,378.0,0,6
CBSBoundaryAttack,0,zonalHost,5,0.05,0.0004999999999999998,4.5614130261802956e-36,20.0,1,21,64.47086294416253,49.100631275166094,0.25000000000000017,450.0,0,6
CBSBoundaryAttack,0,zonalHost,6,0.06,0.0005000000000000004,0.0,20.0,1,20,64.57275510204067,49.190391182804454,0.25000000000000033,523.0,0,6
CBSBoundaryAttack,0,zonalHost,7,0.07,0.0004999999999999997,1.0136473391511767e-35,20.0,1,20,65.13163265306157,49.05692559920289,0.25000000000000033,596.0,0,6
CBSBoundaryAttack,0,zonalHost,8,0.08,0.0004999999999999997,1.0136473391511767e-35,20.0,1,20,64.16249363867709,48.99042458387895,0.25000000000000033,668.0,0,6
CBSBoundaryAttack,0,zonalHost,9,0.09,0.0005000000000000004,0.0,20.0,1,20,64.71408163265315,49.19525564709011,0.25000000000000033,741.0,0,6
CBSBoundaryAttack,0,zonalHost,10,0.1,0.0004999999999999997,1.0136473391511767e-35,20.0,1,20,65.06122137404641,49.203706208240206,0.24999999999999895,814.0,0,6
CBSBoundaryAttack,0,zonalHost,11,0.11,0.0004999999999999997,1.0136473391511767e-35,20.0,1,20,64.23557251908399,48.856255983392,0.25000000000000033,886.0,0,6
CBSBoundaryAttack,0,zonalHost,12,0.12,0.0005000000000000004,0.0,20.0,1,20,64.94602040816424,49.15791775736613,0.24999999999998612,959.0,0,6
CBSBoundaryAttack,0,zonalHost,13,0.13,0.0005000000000000004,0.0,20.0,1,20,64.66763358778658,49.08618184074003,0.24999999999997224,1031.0,0,6
CBSBoundaryAttack,0,zonalHost,14,0.14,0.000499999999999999,3.851859888774472e-35,20.0,1,21,64.85908396946598,48.84459462057616,0.250000000000025,1104.0,0,6
CBSBoundaryAttack,0,attackNode,0,0.0,5.4999999999999995e-05,2.139652806540209e-37,529.0,1,180,54.275044642857125,51.489518313875,0.2500000000000001,15.0,0,6
CBSBoundaryAttack,0,attackNode,1,0.01,5.4999999999999995e-05,9.873863904954895e-37,529.0,1,182,56.633796526054596,49.39768294995393,0.24999999999999986,18.0,0,6
CBSBoundaryAttack,0,attackNode,2,0.02,5.500000000000001e-05,1.5362217443144042e-36,529.0,1,182,57.17238805970147,49.562115376235035,0.2500000000000003,22.0,0,6
CBSBoundaryAttack,0,attackNode,3,0.03,5.4999999999999995e-05,2.9752688697043656e-36,529.0,1,181,59.31697270471468,50.53461078637198,0.25000000000000017,25.0,0,6
CBSBoundaryAttack,0,attackNode,4,0.04,5.4999999999999995e-05,3.22761740219592e-36,529.0,1,182,55.7656218905474,49.89166361218402,0.25000000000000017,30.0,0,6
CBSBoundaryAttack,0,attackNode,5,0.05,5.500000000000003e-05,3.455205808761017e-36,529.0,1,182,59.218217821782176,50.689810750658175,0.25000000000000017,33.0,0,6
CBSBoundaryAttack,0,attackNode,6,0.06,5.4999999999999995e-05,5.9025201027337476e-36,529.0,1,182,57.240248138957526,49.54936461017038,0.25000000000000033,36.0,0,6
CBSBoundaryAttack,0,attackNode,7,0.07,5.500000000000003e-05,7.200069589513975e-36,529.0,1,182,56.99776119402994,49.47310561824316,0.25000000000000033,40.0,0,6
CBSBoundaryAttack,0,attackNode,8,0.08,5.4999999999999955e-05,6.240443395221211e-36,529.0,1,181,59.41553349875924,50.450590536418915,0.25000000000000033,43.0,0,6
CBSBoundaryAttack,0,attackNode,9,0.09,5.500000000000003e-05,7.200069589513975e-36,529.0,1,182,55.690669975186,49.767367560763475,0.25000000000000033,46.0,0,6
CBSBoundaryAttack,0,attackNode,10,0.1,5.4999999999999955e-05,6.206956542684462e-36,529.0,1,182,58.73468982630281,50.47065941003833,0.24999999999999895,51.0,0,6
CBSBoundaryAttack,0,attackNode,11,0.11,5.4999999999999955e-05,6.206956542684462e-36,529.0,1,182,57.858511166252825,49.905482861790155,0.25000000000000033,54.0,0,6
CBSBoundaryAttack,0,attackNode,12,0.12,5.4999999999999955e-05,8.346878703114724e-36,529.0,1,182,56.63845771144337,49.512885374053916,0.24999999999998612,58.0,0,6
CBSBoundaryAttack,0,attackNode,13,0.13,5.500000000000011e-05,1.674104850369752e-35,529.0,1,182,59.614838709677905,50.43471154392291,0.24999999999997224,61.0,0,6
CBSBoundaryAttack,0,attackNode,14,0.14,5.4999999999999955e-05,1.2696074493725912e-35,529.0,1,181,56.03118811881146,49.51036880222334,0.250000000000025,64.0,0,6
CBSExhaustionAttack,0,av1,0,0.0,9e-05,1.396471836198659e-37,500.0,1,110,52.39671388101982,51.06738082793449,0.2500000000000001,13.0,0,7
CBSExhaustionAttack,0,av1,1,0.01,9e-05,4.781306424180024e-37,500.0,1,112,54.72685512367482,49.43317592385342,0.24999999999999986,3.0,0,7
CBSExhaustionAttack,0,av1,2,0.02,8.999999999999999e-05,6.264492729866738e-37,500.0,1,111,56.62367491166071,50.33655001386354,0.2500000000000003,3.0,0,7
CBSExhaustionAttack,0,av1,3,0.03,8.999999999999999e-05,1.5099033759165984e-36,500.0,1,111,56.553851590105914,50.6879570832031,0.25000000000000017,3.0,0,7
CBSExhaustionAttack,0,av1,4,0.04,8.999999999999999e-05,1.2890398501841174e-36,500.0,1,111,56.16539007092198,49.99730895986374,0.25000000000000017,3.0,0,7
CBSExhaustionAttack,0,av1,5,0.05,9.000000000000006e-05,1.7026569983740367e-36,500.0,1,111,55.16367491166084,49.92041030651201,0.25000000000000017,3.0,0,7
CBSExhaustionAttack,0,av1,6,0.06,8.999999999999999e-05,3.6627203967381106e-35,500.0,1,111,57.1396466431087,49.987246131000425,0.25000000000000033,3.0,0,7
CBSExhaustionAttack,0,av1,7,0.07,9.000000000000006e-05,4.852572445366005e-35,500.0,1,111,57.66276595744749,50.80691290995357,0.25000000000000033,3.0,0,7
CBSExhaustionAttack,0,av1,8,0.08,9.000000000000006e-05,4.852572445366005e-35,500.0,1,111,54.899577464788294,49.32901404524486,0.25000000000000033,3.0,0,7
CBSExhaustionAttack,0,av1,9,0.09,8.999999999999992e-05,4.85739128592744e-35,500.0,1,111,55.42156028368774,49.67117944349344,0.25000000000000033,3.0,0,7
CBSExhaustionAttack,0,av1,10,0.1,8.999999999999999e-05,4.855046985113769e-35,500.0,1,112,57.983943661972134,51.58751182814138,0.24999999999999895,3.0,0,7
CBSExhaustionAttack,0,av1,11,0.11,9.000000000000006e-05,4.852572445366005e-35,500.0,1,111,56.65731448763144,50.259505701208575,0.25000000000000033,3.0,0,7
CBSExhaustionAttack,0,av1,12,0.12,9.000000000000006e-05,9.446533780601613e-35,500.0,1,111,54.969219858157174,49.175432544484714,0.24999999999998612,3.0,0,7
CBSExhaustionAttack,0,av1,13,0.13,8.999999999999992e-05,1.4398695597570627e-34,500.0,1,111,56.31999999999938,50.12945185479665,0.24999999999997224,3.0,0,7
CBSExhaustionAttack,0,av1,14,0.14,8.999999999999992e-05,1.4398695597570627e-34,500.0,1,111,58.110563380281526,50.53229869092506,0.250000000000025,3.0,0,7
CBSExhaustionAttack,0,av2,0,0.0,9e-05,1.362297049014728e-37,500.0,1,110,53.98798122065726,50.47349371848787,0.2500000000000001,29.0,0,7
CBSExhaustionAttack,0,av2,1,0.01,9e-05,4.821350374228367e-37,500.0,1,111,59.62663157894734,49.812802396123026,0.24999999999999986,50.0,0,7
CBSExhaustionAttack,0,av2,2,0.02,8.999999999999999e-05,6.264492729866738e-37,500.0,1,111,59.875223097112915,49.60535929519466,0.2500000000000003,71.0,0,7
CBSExhaustionAttack,0,av2,3,0.03,9.000000000000002e-05,1.3864205865298024e-36,500.0,1,111,59.816210526315864,49.54592241363914,0.25000000000000017,91.0,0,7
CBSExhaustionAttack,0,av2,4,0.04,8.999999999999999e-05,1.2890398501841174e-36,500.0,1,111,59.62221052631574,49.97415635386045,0.25000000000000017,111.0,0,7
CBSExhaustionAttack,0,av2,5,0.05,8.999999999999999e-05,1.2776439434509919e-36,500.0,1,112,59.37308900523567,49.94670262158403,0.25000000000000017,132.0,0,7
CBSExhaustionAttack,0,av2,6,0.06,9.000000000000006e-05,3.7040821115571023e-35,500.0,1,111,60.006105263157345,49.50222067553591,0.25000000000000033,152.0,0,7
CBSExhaustionAttack,0,av2,7,0.07,9.000000000000006e-05,4.852572445366005e-35,500.0,1,111,60.04610526315867,49.8905510757089,0.25000000000000033,173.0,0,7
CBSExhaustionAttack,0,av2,8,0.08,9.000000000000006e-05,4.852572445366005e-35,500.0,1,111,59.88267716535412,49.643462093244445,0.25000000000000033,193.0,0,7
CBSExhaustionAttack,0,av2,9,0.09,9.000000000000006e-05,4.852572445366005e-35,500.0,1,111,59.77305263157891,49.859838398414034,0.25000000000000033,213.0,0,7
CBSExhaustionAttack,0,av2,10,0.1,9.000000000000006e-05,4.852572445366005e-35,500.0,1,111,60.177060367454615,49.81085909686095,0.24999999999999895,234.0,0,7
CBSExhaustionAttack,0,av2,11,0.11,9.000000000000006e-05,4.852572445366005e-35,500.0,1,111,59.745578947368,49.619429278590864,0.25000000000000033,255.0,0,7
CBSExhaustionAttack,0,av2,12,0.12,9.000000000000006e-05,9.446533780601613e-35,500.0,1,111,59.31736842105414,49.91624006353265,0.24999999999998612,275.0,0,7
CBSExhaustionAttack,0,av2,13,0.13,9.000000000000018e-05,1.4032463714901495e-34,500.0,1,111,59.81695538057745,49.84489681075041,0.24999999999997224,296.0,0,7
CBSExhaustionAttack,0,av2,14,0.14,8.999999999999999e-05,1.4309612166651108e-34,500.0,1,112,59.86356955380538,49.85519785880406,0.250000000000025,316.0,0,7
CBSExhaustionAttack,0,radarNode,0,0.0,0.0004999999999999999,2.0945796999739823e-37,64.0,1,20,55.0959139784946,50.77883807453143,0.2500000000000001,69.0,0,7
CBSExhaustionAttack,0,radarNode,1,0.01,0.0005,9.502943804542282e-37,64.0,1,20,59.411747572815514,50.077256186877854,0.24999999999999986,122.0,0,7
CBSExhaustionAttack,0,radarNode,2,0.02,0.0005000000000000001,1.196666997609028e-36,64.0,1,20,59.764987893462454,50.10197875394271,0.2500000000000003,174.0,0,7
CBSExhaustionAttack,0,radarNode,3,0.03,0.0005000000000000002,3.308432287507313e-36,64.0,1,20,59.79398058252429,49.986123686932956,0.25000000000000017,227.0,0,7
CBSExhaustionAttack,0,radarNode,4,0.04,0.0005000000000000001,2.5341183478779418e-36,64.0,1,20,59.868640776699024,50.264435600391124,0.25000000000000017,279.0,0,7
CBSExhaustionAttack,0,radarNode,5,0.05,0.0005000000000000001,2.5341183478779418e-36,64.0,1,20,59.482801932367096,50.298060691456584,0.25000000000000017,331.0,0,7
CBSExhaustionAttack,0,radarNode,6,0.06,0.0004999999999999997,1.0136473391511767e-35,64.0,1,20,59.99466019417439,49.783763254959176,0.25000000000000033,384.0,0,7
CBSExhaustionAttack,0,radarNode,7,0.07,0.0005000000000000004,0.0,64.0,1,20,60.156893203884025,50.213190520484275,0.25000000000000033,437.0,0,7
CBSExhaustionAttack,0,radarNode,8,0.08,0.0004999999999999997,1.0136473391511767e-35,64.0,1,20,59.65070217917652,50.013174562764526,0.25000000000000033,489.0,0,7
CBSExhaustionAttack,0,radarNode,9,0.09,0.0004999999999999997,1.0136473391511767e-35,64.0,1,20,59.59669902912629,50.15208473907753,0.25000000000000033,541.0,0,7
CBSExhaustionAttack,0,radarNode,10,0.1,0.0005000000000000004,0.0,64.0,1,20,59.99603864734325,50.33352322316196,0.24999999999999895,595.0,0,7
CBSExhaustionAttack,0,radarNode,11,0.11,0.0004999999999999997,1.0136473391511767e-35,64.0,1,20,59.77669902912574,49.92697605485633,0.25000000000000033,647.0,0,7
CBSExhaustionAttack,0,radarNode,12,0.12,0.0004999999999999997,1.0136473391511767e-35,64.0,1,20,59.599611650486764,50.02568406844144,0.24999999999998612,700.0,0,7
CBSExhaustionAttack,0,radarNode,13,0.13,0.0005000000000000004,0.0,64.0,1,20,59.929152542373195,50.074457013070386,0.24999999999997224,752.0,0,7
CBSExhaustionAttack,0,radarNode,14,0.14,0.0005000000000000004,0.0,64.0,1,20,59.90445520581026,50.057481943756564,0.250000000000025,805.0,0,7
CBSExhaustionAttack,0,zonalHost,0,0.0,0.0005,1.979779959279642e-37,20.0,1,20,58.62798206278027,50.390310544961466,0.2500000000000001,88.0,0,7
CBSExhaustionAttack,0,zonalHost,1,0.01,0.0005,9.502943804542282e-37,20.0,1,20,64.60969387755102,49.16661579106232,0.24999999999999986,160.0,0,7
CBSExhaustionAttack,0,zonalHost,2,0.02,0.0004999999999999999,1.689412231918628e-36,20.0,1,20,64.8026972010179,48.957280647732254,0.2500000000000003,233.0,0,7
CBSExhaustionAttack,0,zonalHost,3,0.03,0.0005000000000000001,2.5341183478779418e-36,20.0,1,20,64.96530612244912,48.98497520479069,0.25000000000000017,306.0,0,7
CBSExhaustionAttack,0,zonalHost,4,0.04,0.0005000000000000001,2.5341183478779418e-36,20.0,1,20,64.84734693877564,49.32321168940204,0.25000000000000017,377.0,0,7
CBSExhaustionAttack,0,zonalHost,5,0.05,0.0004999999999999998,4.5614130261802956e-36,20.0,1,21,64.3523857868022,49.22497457621368,0.25000000000000017,450.0,0,7
CBSExhaustionAttack,0,zonalHost,6,0.06,0.0005000000000000004,0.0,20.0,1,20,64.77744897959154,48.65640671795679,0.25000000000000033,523.0,0,7
CBSExhaustionAttack,0,zonalHost,7,0.07,0.0004999999999999997,1.0136473391511767e-35,20.0,1,20,65.23928571428632,48.991405807209695,0.25000000000000033,596.0,0,7
CBSExhaustionAttack,0,zonalHost,8,0.08,0.0004999999999999997,1.0136473391511767e-35,20.0,1,20,64.30325699745568,48.87014669861823,0.25000000000000033,668.0,0,7
CBSExhaustionAttack,0,zonalHost,9,0.09,0.0005000000000000004,0.0,20.0,1,20,64.64459183673483,49.05739363664961,0.25000000000000033,740.0,0,7
CBSExhaustionAttack,0,zonalHost,10,0.1,0.0004999999999999997,1.0136473391511767e-35,20.0,1,20,65.1572588832493,49.264484051949005,0.24999999999999895,814.0,0,7
CBSExhaustionAttack,0,zonalHost,11,0.11,0.0004999999999999997,1.0136473391511767e-35,20.0,1,20,64.47785714285708,48.80621569047884,0.25000000000000033,886.0,0,7
CBSExhaustionAttack,0,zonalHost,12,0.12,0.0005000000000000004,0.0,20.0,1,20,64.68387755102158,48.872782013660334,0.24999999999998612,959.0,0,7
CBSExhaustionAttack,0,zonalHost,13,0.13,0.0005000000000000004,0.0,20.0,1,20,64.68066157760848,49.01035014147307,0.24999999999997224,1031.0,0,7
CBSExhaustionAttack,0,zonalHost,14,0.14,0.000499999999999999,3.851859888774472e-35,20.0,1,21,64.98539440203604,48.976401724995085,0.250000000000025,1104.0,0,7
CBSExhaustionAttack,0,attackNode,0,0.0,4.9999999999999996e-05,1.6668261473601747e-37,529.0,1,198,54.275044642857125,51.489518313875,0.2500000000000001,15.0,0,7
CBSExhaustionAttack,0,attackNode,1,0.01,5e-05,1.5326618145955093e-36,529.0,1,200,56.633796526054596,49.39768294995393,0.24999999999999986,18.0,0,7
CBSExhaustionAttack,0,attackNode,2,0.02,5e-05,2.9309064080584646e-36,529.0,1,200,57.17238805970147,49.562115376235035,0.2500000000000003,22.0,0,7
CBSExhaustionAttack,0,attackNode,3,0.03,5e-05,7.308019918029456e-36,529.0,1,200,59.31697270471468,50.53461078637198,0.25000000000000017,25.0,0,7
CBSExhaustionAttack,0,attackNode,4,0.04,4.999999999999997e-05,8.057701419527837e-36,529.0,1,200,55.7656218905474,49.89166361218402,0.25000000000000017,30.0,0,7
CBSExhaustionAttack,0,attackNode,5,0.05,5e-05,7.915952349969871e-36,529.0,1,200,59.218217821782176,50.689810750658175,0.25000000000000017,33.0,0,7
CBSExhaustionAttack,0,attackNode,6,0.06,5e-05,3.6610363137557473e-35,529.0,1,200,57.240248138957526,49.54936461017038,0.25000000000000033,36.0,0,7
CBSExhaustionAttack,0,attackNode,7,0.07,5e-05,4.6337282048604123e-35,529.0,1,200,56.99776119402994,49.47310561824316,0.25000000000000033,40.0,0,7
CBSExhaustionAttack,0,attackNode,8,0.08,5e-05,4.6337282048604123e-35,529.0,1,200,59.41553349875924,50.450590536418915,0.25000000000000033,43.0,0,7
CBSExhaustionAttack,0,attackNode,9,0.09,5e-05,4.6337282048604123e-35,529.0,1,200,55.690669975186,49.767367560763475,0.25000000000000033,46.0,0,7
CBSExhaustionAttack,0,attackNode,10,0.1,5e-05,4.6337282048604123e-35,529.0,1,200,58.73468982630281,50.47065941003833,0.24999999999999895,51.0,0,7
CBSExhaustionAttack,0,attackNode,11,0.11,5e-05,4.6337282048604123e-35,529.0,1,200,57.858511166252825,49.905482861790155,0.25000000000000033,54.0,0,7
CBSExhaustionAttack,0,attackNode,12,0.12,5.000000000000007e-05,8.54404736508017e-35,529.0,1,200,56.63845771144337,49.512885374053916,0.24999999999998612,58.0,0,7
CBSExhaustionAttack,0,attackNode,13,0.13,4.9999999999999935e-05,1.2200195779885642e-34,529.0,1,200,59.614838709677905,50.43471154392291,0.24999999999997224,61.0,0,7
CBSExhaustionAttack,0,attackNode,14,0.14,5.000000000000007e-05,1.2434814929498828e-34,529.0,1,200,56.03118811881146,49.51036880222334,0.250000000000025,64.0,0,7
QueueBuildingAttack,0,av1,0,0.0,9e-05,1.396471836198659e-37,500.0,1,110,53.48991150442476,51.95723984660224,0.2500000000000001,5.0,0,8
QueueBuildingAttack,0,av1,1,0.01,9e-05,4.781306424180024e-37,500.0,1,112,58.42281690140832,50.99101724212641,0.24999999999999986,3.0,0,8
QueueBuildingAttack,0,av1,2,0.02,8.999999999999999e-05,6.264492729866738e-37,500.0,1,111,58.42950704225345,50.81758679503891,0.2500000000000003,3.0,0,8
QueueBuildingAttack,0,av1,3,0.03,8.999999999999999e-05,1.5099033759165984e-36,500.0,1,111,58.718380281690166,50.990699867579586,0.25000000000000017,3.0,0,8
QueueBuildingAttack,0,av1,4,0.04,8.999999999999999e-05,1.2890398501841174e-36,500.0,1,111,59.351760563380395,51.57734902627795,0.25000000000000017,3.0,0,8
QueueBuildingAttack,0,av1,5,0.05,9.000000000000006e-05,1.7026569983740367e-36,500.0,1,111,58.92352112676059,51.445814332098955,0.25000000000000017,3.0,0,8
QueueBuildingAttack,0,av1,6,0.06,8.999999999999999e-05,3.6627203967381106e-35,500.0,1,111,59.33084507042161,51.5031246984127,0.25000000000000033,3.0,0,8
QueueBuildingAttack,0,av1,7,0.07,9.000000000000006e-05,4.852572445366005e-35,500.0,1,111,59.309084507042954,51.326302453424766,0.25000000000000033,3.0,0,8
QueueBuildingAttack,0,av1,8,0.08,9.000000000000006e-05,4.852572445366005e-35,500.0,1,111,58.5010563380276,51.075992883710626,0.25000000000000033,3.0,0,8
QueueBuildingAttack,0,av1,9,0.09,8.999999999999992e-05,4.85739128592744e-35,500.0,1,111,58.82823943661953,51.35758650471292,0.25000000000000033,3.0,0,8
QueueBuildingAttack,0,av1,10,0.1,8.999999999999999e-05,4.855046985113769e-35,500.0,1,112,58.3724912280706,50.88575185659819,0.24999999999999895,3.0,0,8
QueueBuildingAttack,0,av1,11,0.11,9.000000000000006e-05,4.852572445366005e-35,500.0,1,111,58.848098591548464,51.18142444662902,0.25000000000000033,3.0,0,8
QueueBuildingAttack,0,av1,12,0.12,9.000000000000006e-05,9.446533780601613e-35,500.0,1,111,58.726666666668145,51.30210529857815,0.24999999999998612,3.0,0,8
QueueBuildingAttack,0,av1,13,0.13,8.999999999999992e-05,1.4398695597570627e-34,500.0,1,111,59.314366197182515,51.29982711609289,0.24999999999997224,3.0,0,8
QueueBuildingAttack,0,av1,14,0.14,8.999999999999992e-05,1.4398695597570627e-34,500.0,1,111,59.33406360424022,51.23787103758167,0.250000000000025,3.0,0,8
QueueBuildingAttack,0,av2,0,0.0,9e-05,1.362297049014728e-37,500.0,1,110,54.53689737470166,50.41628500969145,0.2500000000000001,22.0,0,8
QueueBuildingAttack,0,av2,1,0.01,9e-05,4.821350374228367e-37,500.0,1,111,61.046141732283424,49.890734136773006,0.24999999999999986,43.0,0,8
QueueBuildingAttack,0,av2,2,0.02,8.999999999999999e-05,6.264492729866738e-37,500.0,1,111,60.65753926701572,49.72174879909374,0.2500000000000003,64.0,0,8
QueueBuildingAttack,0,av2,3,0.03,9.000000000000002e-05,1.3864205865298024e-36,500.0,1,111,61.18157480314972,49.800745139614406,0.25000000000000017,85.0,0,8
QueueBuildingAttack,0,av2,4,0.04,8.999999999999999e-05,1.2890398501841174e-36,500.0,1,111,60.58895287958119,49.71477754136349,0.25000000000000017,105.0,0,8
QueueBuildingAttack,0,av2,5,0.05,8.999999999999999e-05,1.2776439434509919e-36,500.0,1,112,60.518224543081,49.903238340206734,0.25000000000000017,125.0,0,8
QueueBuildingAttack,0,av2,6,0.06,9.000000000000006e-05,3.7040821115571023e-35,500.0,1,111,60.89422572178427,49.833066809324166,0.25000000000000033,146.0,0,8
QueueBuildingAttack,0,av2,7,0.07,9.000000000000006e-05,4.852572445366005e-35,500.0,1,111,60.80047120418935,49.7496900138106,0.25000000000000033,166.0,0,8
QueueBuildingAttack,0,av2,8,0.08,9.000000000000006e-05,4.852572445366005e-35,500.0,1,111,60.974607329842755,49.84874509068148,0.25000000000000033,186.0,0,8
QueueBuildingAttack,0,av2,9,0.09,9.000000000000006e-05,4.852572445366005e-35,500.0,1,111,61.07385826771653,49.897095338631516,0.25000000000000033,207.0,0,8
QueueBuildingAttack,0,av2,10,0.1,9.000000000000006e-05,4.852572445366005e-35,500.0,1,111,60.63136125654515,49.736096639193676,0.24999999999999895,227.0,0,8
QueueBuildingAttack,0,av2,11,0.11,9.000000000000006e-05,4.852572445366005e-35,500.0,1,111,61.10356955380534,49.8209561895977,0.25000000000000033,249.0,0,8
QueueBuildingAttack,0,av2,12,0.12,9.000000000000006e-05,9.446533780601613e-35,500.0,1,111,60.387853403143,49.73184875064359,0.24999999999998612,267.0,0,8
QueueBuildingAttack,0,av2,13,0.13,9.000000000000018e-05,1.4032463714901495e-34,500.0,1,111,61.15753280839906,49.74311440530349,0.24999999999997224,288.0,0,8
QueueBuildingAttack,0,av2,14,0.14,8.999999999999999e-05,1.4309612166651108e-34,500.0,1,112,60.521514360312736,49.741880031963554,0.250000000000025,306.0,0,8
QueueBuildingAttack,0,radarNode,0,0.0,0.0004999999999999999,2.0945796999739823e-37,64.0,1,20,55.69738562091501,50.79814396909286,0.2500000000000001,60.0,0,8
QueueBuildingAttack,0,radarNode,1,0.01,0.0005,9.502943804542282e-37,64.0,1,20,60.4897336561743,49.99694401512173,0.24999999999999986,114.0,0,8
QueueBuildingAttack,0,radarNode,2,0.02,0.0005000000000000001,1.196666997609028e-36,64.0,1,20,60.58726392251811,49.97086325341822,0.2500000000000003,167.0,0,8
QueueBuildingAttack,0,radarNode,3,0.03,0.0005000000000000002,3.308432287507313e-36,64.0,1,20,60.70832929782089,50.0278838789515,0.25000000000000017,220.0,0,8
QueueBuildingAttack,0,radarNode,4,0.04,0.0005000000000000001,2.5341183478779418e-36,64.0,1,20,60.77021791767561,50.02113496226922,0.25000000000000017,273.0,0,8
QueueBuildingAttack,0,radarNode,5,0.05,0.0005000000000000001,2.5341183478779418e-36,64.0,1,20,60.52647342995163,50.008706754060036,0.25000000000000017,326.0,0,8
QueueBuildingAttack,0,radarNode,6,0.06,0.0004999999999999997,1.0136473391511767e-35,64.0,1,20,60.67200968522954,49.93939631153986,0.25000000000000033,380.0,0,8
QueueBuildingAttack,0,radarNode,7,0.07,0.0005000000000000004,0.0,64.0,1,20,60.77893462469791,49.898911586355936,0.25000000000000033,433.0,0,8
QueueBuildingAttack,0,radarNode,8,0.08,0.0004999999999999997,1.0136473391511767e-35,64.0,1,20,60.696222760290205,49.9823211198999,0.25000000000000033,486.0,0,8
QueueBuildingAttack,0,radarNode,9,0.09,0.0004999999999999997,1.0136473391511767e-35,64.0,1,20,60.565084745762704,50.03186536351108,0.25000000000000033,539.0,0,8
QueueBuildingAttack,0,radarNode,10,0.1,0.0005000000000000004,0.0,64.0,1,20,60.514396135266054,50.02870906053821,0.24999999999999895,593.0,0,8
QueueBuildingAttack,0,radarNode,11,0.11,0.0004999999999999997,1.0136473391511767e-35,64.0,1,20,60.6841162227597,49.91873640408628,0.25000000000000033,646.0,0,8
QueueBuildingAttack,0,radarNode,12,0.12,0.0004999999999999997,1.0136473391511767e-35,64.0,1,20,60.77601941747736,49.84596688084964,0.24999999999998612,698.0,0,8
QueueBuildingAttack,0,radarNode,13,0.13,0.0005000000000000004,0.0,64.0,1,20,60.85496368038746,49.91798280763796,0.24999999999997224,751.0,0,8
QueueBuildingAttack,0,radarNode,14,0.14,0.0005000000000000004,0.0,64.0,1,20,60.60498789346166,49.960529462633524,0.250000000000025,803.0,0,8
QueueBuildingAttack,0,zonalHost,0,0.0,0.0005,1.979779959279642e-37,20.0,1,20,59.84904545454545,50.40117449003694,0.2500000000000001,79.0,0,8
QueueBuildingAttack,0,zonalHost,1,0.01,0.0005,9.502943804542282e-37,20.0,1,20,65.45908396946564,49.07384646960135,0.24999999999999986,153.0,0,8
QueueBuildingAttack,0,zonalHost,2,0.02,0.0004999999999999999,1.689412231918628e-36,20.0,1,20,65.82783715012731,48.86156483386723,0.2500000000000003,226.0,0,8
QueueBuildingAttack,0,zonalHost,3,0.03,0.0005000000000000001,2.5341183478779418e-36,20.0,1,20,66.00768447837167,48.86896497509342,0.25000000000000017,299.0,0,8
QueueBuildingAttack,0,zonalHost,4,0.04,0.0005000000000000001,2.5341183478779418e-36,20.0,1,20,65.98396946564904,48.86218391410875,0.25000000000000017,372.0,0,8
QueueBuildingAttack,0,zonalHost,5,0.05,0.0004999999999999998,4.5614130261802956e-36,20.0,1,21,65.66213197969564,48.89381591917051,0.25000000000000017,445.0,0,8
QueueBuildingAttack,0,zonalHost,6,0.06,0.0005000000000000004,0.0,20.0,1,20,65.61450381679356,48.77208228619316,0.25000000000000033,519.0,0,8
QueueBuildingAttack,0,zonalHost,7,0.07,0.0004999999999999997,1.0136473391511767e-35,20.0,1,20,66.02926208651456,48.78840640673909,0.25000000000000033,592.0,0,8
QueueBuildingAttack,0,zonalHost,8,0.08,0.0004999999999999997,1.0136473391511767e-35,20.0,1,20,65.88972010178136,48.79701224724884,0.25000000000000033,665.0,0,8
QueueBuildingAttack,0,zonalHost,9,0.09,0.0005000000000000004,0.0,20.0,1,20,65.89328244274823,48.84786093601824,0.25000000000000033,738.0,0,8
QueueBuildingAttack,0,zonalHost,10,0.1,0.0004999999999999997,1.0136473391511767e-35,20.0,1,20,65.70192893401081,49.03257198906202,0.24999999999999895,812.0,0,8
QueueBuildingAttack,0,zonalHost,11,0.11,0.0004999999999999997,1.0136473391511767e-35,20.0,1,20,65.68575063613231,48.87260177851066,0.25000000000000033,885.0,0,8
QueueBuildingAttack,0,zonalHost,12,0.12,0.0005000000000000004,0.0,20.0,1,20,66.033673469389,48.611193650309716,0.24999999999998612,957.0,0,8
QueueBuildingAttack,0,zonalHost,13,0.13,0.0005000000000000004,0.0,20.0,1,20,65.74040712468224,48.64486456773675,0.24999999999997224,1030.0,0,8
QueueBuildingAttack,0,zonalHost,14,0.14,0.000499999999999999,3.851859888774472e-35,20.0,1,21,65.50793893129814,48.63525115777397,0.250000000000025,1102.0,0,8
QueueBuildingAttack,0,attackNode,0,0.0,0.00019999999999999998,2.1690169783731487e-37,529.0,1,50,54.275044642857125,51.489518313875,0.2500000000000001,15.0,0,8
QueueBuildingAttack,0,attackNode,1,0.01,0.00019999999999999998,1.5302217617234892e-36,529.0,1,50,56.633796526054596,49.39768294995393,0.24999999999999986,18.0,0,8
QueueBuildingAttack,0,attackNode,2,0.02,0.00019999999999999998,2.784082402600596e-36,529.0,1,50,57.17238805970147,49.562115376235035,0.2500000000000003,22.0,0,8
QueueBuildingAttack,0,attackNode,3,0.03,0.00019999999999999998,7.29798070975818e-36,529.0,1,50,59.31697270471468,50.53461078637198,0.25000000000000017,25.0,0,8
QueueBuildingAttack,0,attackNode,4,0.04,0.00020000000000000006,7.369629889236872e-36,529.0,1,50,55.7656218905474,49.89166361218402,0.25000000000000017,30.0,0,8
QueueBuildingAttack,0,attackNode,5,0.05,0.00019999999999999993,6.71455167686026e-36,529.0,1,50,59.218217821782176,50.689810750658175,0.25000000000000017,33.0,0,8
QueueBuildingAttack,0,attackNode,6,0.06,0.00020000000000000006,3.746228527028743e-35,529.0,1,50,57.240248138957526,49.54936461017038,0.25000000000000033,36.0,0,8
QueueBuildingAttack,0,attackNode,7,0.07,0.00020000000000000006,4.7493170397304285e-35,529.0,1,50,56.99776119402994,49.47310561824316,0.25000000000000033,40.0,0,8
QueueBuildingAttack,0,attackNode,8,0.08,0.0001999999999999998,4.81482486096809e-35,529.0,1,50,59.41553349875924,50.450590536418915,0.25000000000000033,43.0,0,8
QueueBuildingAttack,0,attackNode,9,0.09,0.00020000000000000006,4.7493170397304285e-35,529.0,1,50,55.690669975186,49.767367560763475,0.25000000000000033,46.0,0,8
QueueBuildingAttack,0,attackNode,10,0.1,0.00020000000000000006,4.7493170397304285e-35,529.0,1,50,58.73468982630281,50.47065941003833,0.24999999999999895,51.0,0,8
QueueBuildingAttack,0,attackNode,11,0.11,0.0001999999999999998,4.81482486096809e-35,529.0,1,50,57.858511166252825,49.905482861790155,0.25000000000000033,54.0,0,8
QueueBuildingAttack,0,attackNode,12,0.12,0.0001999999999999998,8.827178911774831e-35,529.0,1,50,56.63845771144337,49.512885374053916,0.24999999999998612,58.0,0,8
QueueBuildingAttack,0,attackNode,13,0.13,0.00020000000000000006,1.277402514134391e-34,529.0,1,50,59.614838709677905,50.43471154392291,0.24999999999997224,61.0,0,8
QueueBuildingAttack,0,attackNode,14,0.14,0.00020000000000000006,1.277402514134391e-34,529.0,1,50,56.03118811881146,49.51036880222334,0.250000000000025,64.0,0,8
ScheduleAwareBurstAttack,0,av1,0,0.0,9e-05,1.396471836198659e-37,500.0,1,110,3.3100000000000027,8.451225004792661,0.2500000000000001,2.0,0,9
ScheduleAwareBurstAttack,0,av1,1,0.01,9e-05,4.781306424180024e-37,500.0,1,112,,,0.24999999999999986,0,0,9
ScheduleAwareBurstAttack,0,av1,2,0.02,8.999999999999999e-05,6.264492729866738e-37,500.0,1,111,,,0.2500000000000003,0,0,9
ScheduleAwareBurstAttack,0,av1,3,0.03,8.999999999999999e-05,1.5099033759165984e-36,500.0,1,111,,,0.25000000000000017,0,0,9
ScheduleAwareBurstAttack,0,av1,4,0.04,8.999999999999999e-05,1.2890398501841174e-36,500.0,1,111,,,0.25000000000000017,0,0,9
ScheduleAwareBurstAttack,0,av1,5,0.05,9.000000000000006e-05,1.7026569983740367e-36,500.0,1,111,,,0.25000000000000017,0,0,9
ScheduleAwareBurstAttack,0,av1,6,0.06,8.999999999999999e-05,3.6627203967381106e-35,500.0,1,111,,,0.25000000000000033,0,0,9
ScheduleAwareBurstAttack,0,av1,7,0.07,9.000000000000006e-05,4.852572445366005e-35,500.0,1,111,,,0.25000000000000033,0,0,9
ScheduleAwareBurstAttack,0,av1,8,0.08,9.000000000000006e-05,4.852572445366005e-35,500.0,1,111,,,0.25000000000000033,0,0,9
ScheduleAwareBurstAttack,0,av1,9,0.09,8.999999999999992e-05,4.85739128592744e-35,500.0,1,111,,,0.25000000000000033,0,0,9
ScheduleAwareBurstAttack,0,av1,10,0.1,8.999999999999999e-05,4.855046985113769e-35,500.0,1,112,,,0.24999999999999895,0,0,9
ScheduleAwareBurstAttack,0,av1,11,0.11,9.000000000000006e-05,4.852572445366005e-35,500.0,1,111,,,0.25000000000000033,0,0,9
ScheduleAwareBurstAttack,0,av1,12,0.12,9.000000000000006e-05,9.446533780601613e-35,500.0,1,111,,,0.24999999999998612,0,0,9
ScheduleAwareBurstAttack,0,av1,13,0.13,8.999999999999992e-05,1.4398695597570627e-34,500.0,1,111,,,0.24999999999997224,0,0,9
ScheduleAwareBurstAttack,0,av1,14,0.14,8.999999999999992e-05,1.4398695597570627e-34,500.0,1,111,,,0.250000000000025,0,0,9
ScheduleAwareBurstAttack,0,av2,0,0.0,9e-05,1.362297049014728e-37,500.0,1,110,3.6604000000000023,10.782888553213393,0.2500000000000001,3.0,0,9
ScheduleAwareBurstAttack,0,av2,1,0.01,9e-05,4.821350374228367e-37,500.0,1,111,,,0.24999999999999986,0,0,9
ScheduleAwareBurstAttack,0,av2,2,0.02,8.999999999999999e-05,6.264492729866738e-37,500.0,1,111,,,0.2500000000000003,0,0,9
ScheduleAwareBurstAttack,0,av2,3,0.03,9.000000000000002e-05,1.3864205865298024e-36,500.0,1,111,,,0.25000000000000017,0,0,9
ScheduleAwareBurstAttack,0,av2,4,0.04,8.999999999999999e-05,1.2890398501841174e-36,500.0,1,111,,,0.25000000000000017,0,0,9
ScheduleAwareBurstAttack,0,av2,5,0.05,8.999999999999999e-05,1.2776439434509919e-36,500.0,1,112,,,0.25000000000000017,0,0,9
ScheduleAwareBurstAttack,0,av2,6,0.06,9.000000000000006e-05,3.7040821115571023e-35,500.0,1,111,,,0.25000000000000033,0,0,9
ScheduleAwareBurstAttack,0,av2,7,0.07,9.000000000000006e-05,4.852572445366005e-35,500.0,1,111,,,0.25000000000000033,0,0,9
ScheduleAwareBurstAttack,0,av2,8,0.08,9.000000000000006e-05,4.852572445366005e-35,500.0,1,111,,,0.25000000000000033,0,0,9
ScheduleAwareBurstAttack,0,av2,9,0.09,9.000000000000006e-05,4.852572445366005e-35,500.0,1,111,,,0.25000000000000033,0,0,9
ScheduleAwareBurstAttack,0,av2,10,0.1,9.000000000000006e-05,4.852572445366005e-35,500.0,1,111,,,0.24999999999999895,0,0,9
ScheduleAwareBurstAttack,0,av2,11,0.11,9.000000000000006e-05,4.852572445366005e-35,500.0,1,111,,,0.25000000000000033,0,0,9
ScheduleAwareBurstAttack,0,av2,12,0.12,9.000000000000006e-05,9.446533780601613e-35,500.0,1,111,,,0.24999999999998612,0,0,9
ScheduleAwareBurstAttack,0,av2,13,0.13,9.000000000000018e-05,1.4032463714901495e-34,500.0,1,111,,,0.24999999999997224,0,0,9
ScheduleAwareBurstAttack,0,av2,14,0.14,8.999999999999999e-05,1.4309612166651108e-34,500.0,1,112,,,0.250000000000025,0,0,9
ScheduleAwareBurstAttack,0,radarNode,0,0.0,0.0004999999999999999,2.0945796999739823e-37,64.0,1,20,3.5544000000000024,9.346937544960262,0.2500000000000001,2.0,0,9
ScheduleAwareBurstAttack,0,radarNode,1,0.01,0.0005,9.502943804542282e-37,64.0,1,20,,,0.24999999999999986,0,0,9
ScheduleAwareBurstAttack,0,radarNode,2,0.02,0.0005000000000000001,1.196666997609028e-36,64.0,1,20,,,0.2500000000000003,0,0,9
ScheduleAwareBurstAttack,0,radarNode,3,0.03,0.0005000000000000002,3.308432287507313e-36,64.0,1,20,,,0.25000000000000017,0,0,9
ScheduleAwareBurstAttack,0,radarNode,4,0.04,0.0005000000000000001,2.5341183478779418e-36,64.0,1,20,,,0.25000000000000017,0,0,9
ScheduleAwareBurstAttack,0,radarNode,5,0.05,0.0005000000000000001,2.5341183478779418e-36,64.0,1,20,,,0.25000000000000017,0,0,9
ScheduleAwareBurstAttack,0,radarNode,6,0.06,0.0004999999999999997,1.0136473391511767e-35,64.0,1,20,,,0.25000000000000033,0,0,9
ScheduleAwareBurstAttack,0,radarNode,7,0.07,0.0005000000000000004,0.0,64.0,1,20,,,0.25000000000000033,0,0,9
ScheduleAwareBurstAttack,0,radarNode,8,0.08,0.0004999999999999997,1.0136473391511767e-35,64.0,1,20,,,0.25000000000000033,0,0,9
ScheduleAwareBurstAttack,0,radarNode,9,0.09,0.0004999999999999997,1.0136473391511767e-35,64.0,1,20,,,0.25000000000000033,0,0,9
ScheduleAwareBurstAttack,0,radarNode,10,0.1,0.0005000000000000004,0.0,64.0,1,20,,,0.24999999999999895,0,0,9
ScheduleAwareBurstAttack,0,radarNode,11,0.11,0.0004999999999999997,1.0136473391511767e-35,64.0,1,20,,,0.25000000000000033,0,0,9
ScheduleAwareBurstAttack,0,radarNode,12,0.12,0.0004999999999999997,1.0136473391511767e-35,64.0,1,20,,,0.24999999999998612,0,0,9
ScheduleAwareBurstAttack,0,radarNode,13,0.13,0.0005000000000000004,0.0,64.0,1,20,,,0.24999999999997224,0,0,9
ScheduleAwareBurstAttack,0,radarNode,14,0.14,0.0005000000000000004,0.0,64.0,1,20,,,0.250000000000025,0,0,9
ScheduleAwareBurstAttack,0,zonalHost,0,0.0,0.0005,1.979779959279642e-37,20.0,1,20,3.376400000000002,8.164474253541051,0.2500000000000001,2.0,0,9
ScheduleAwareBurstAttack,0,zonalHost,1,0.01,0.0005,9.502943804542282e-37,20.0,1,20,,,0.24999999999999986,0,0,9
ScheduleAwareBurstAttack,0,zonalHost,2,0.02,0.0004999999999999999,1.689412231918628e-36,20.0,1,20,,,0.2500000000000003,0,0,9
ScheduleAwareBurstAttack,0,zonalHost,3,0.03,0.0005000000000000001,2.5341183478779418e-36,20.0,1,20,,,0.25000000000000017,0,0,9
ScheduleAwareBurstAttack,0,zonalHost,4,0.04,0.0005000000000000001,2.5341183478779418e-36,20.0,1,20,,,0.25000000000000017,0,0,9
ScheduleAwareBurstAttack,0,zonalHost,5,0.05,0.0004999999999999998,4.5614130261802956e-36,20.0,1,21,,,0.25000000000000017,0,0,9
ScheduleAwareBurstAttack,0,zonalHost,6,0.06,0.0005000000000000004,0.0,20.0,1,20,,,0.25000000000000033,0,0,9
ScheduleAwareBurstAttack,0,zonalHost,7,0.07,0.0004999999999999997,1.0136473391511767e-35,20.0,1,20,,,0.25000000000000033,0,0,9
ScheduleAwareBurstAttack,0,zonalHost,8,0.08,0.0004999999999999997,1.0136473391511767e-35,20.0,1,20,,,0.25000000000000033,0,0,9
ScheduleAwareBurstAttack,0,zonalHost,9,0.09,0.0005000000000000004,0.0,20.0,1,20,,,0.25000000000000033,0,0,9
ScheduleAwareBurstAttack,0,zonalHost,10,0.1,0.0004999999999999997,1.0136473391511767e-35,20.0,1,20,,,0.24999999999999895,0,0,9
ScheduleAwareBurstAttack,0,zonalHost,11,0.11,0.0004999999999999997,1.0136473391511767e-35,20.0,1,20,,,0.25000000000000033,0,0,9
ScheduleAwareBurstAttack,0,zonalHost,12,0.12,0.0005000000000000004,0.0,20.0,1,20,,,0.24999999999998612,0,0,9
ScheduleAwareBurstAttack,0,zonalHost,13,0.13,0.0005000000000000004,0.0,20.0,1,20,,,0.24999999999997224,0,0,9
ScheduleAwareBurstAttack,0,zonalHost,14,0.14,0.000499999999999999,3.851859888774472e-35,20.0,1,21,,,0.250000000000025,0,0,9
ScheduleAwareBurstAttack,0,attackNode,0,0.0,,,,0,0,2.425416666666667,6.627092992015633,0.2500000000000001,3.0,0,9
ScheduleAwareBurstAttack,0,attackNode,1,0.01,,,,0,0,6.25999999999936,0.0,0.24999999999999986,1.0,0,9
ScheduleAwareBurstAttack,0,attackNode,2,0.02,,,,0,0,,,0.2500000000000003,0,0,9
ScheduleAwareBurstAttack,0,attackNode,3,0.03,,,,0,0,,,0.25000000000000017,0,0,9
ScheduleAwareBurstAttack,0,attackNode,4,0.04,,,,0,0,,,0.25000000000000017,0,0,9
ScheduleAwareBurstAttack,0,attackNode,5,0.05,,,,0,0,,,0.25000000000000017,0,0,9
ScheduleAwareBurstAttack,0,attackNode,6,0.06,,,,0,0,,,0.25000000000000033,0,0,9
ScheduleAwareBurstAttack,0,attackNode,7,0.07,,,,0,0,,,0.25000000000000033,0,0,9
ScheduleAwareBurstAttack,0,attackNode,8,0.08,,,,0,0,,,0.25000000000000033,0,0,9
ScheduleAwareBurstAttack,0,attackNode,9,0.09,,,,0,0,,,0.25000000000000033,0,0,9
ScheduleAwareBurstAttack,0,attackNode,10,0.1,,,,0,0,,,0.24999999999999895,0,0,9
ScheduleAwareBurstAttack,0,attackNode,11,0.11,,,,0,0,,,0.25000000000000033,0,0,9
ScheduleAwareBurstAttack,0,attackNode,12,0.12,,,,0,0,,,0.24999999999998612,0,0,9
ScheduleAwareBurstAttack,0,attackNode,13,0.13,,,,0,0,,,0.24999999999997224,0,0,9
ScheduleAwareBurstAttack,0,attackNode,14,0.14,,,,0,0,,,0.250000000000025,0,0,9
GateBoundaryProximityAttack,0,av1,0,0.0,9e-05,1.396471836198659e-37,500.0,1,110,40.78645161290322,46.879614979999666,0.2500000000000001,4.0,0,10
GateBoundaryProximityAttack,0,av1,1,0.01,9e-05,4.781306424180024e-37,500.0,1,112,43.44642857142851,44.706974623796626,0.24999999999999986,3.0,0,10
GateBoundaryProximityAttack,0,av1,2,0.02,8.999999999999999e-05,6.264492729866738e-37,500.0,1,111,43.536964285714234,44.86663371857057,0.2500000000000003,3.0,0,10
GateBoundaryProximityAttack,0,av1,3,0.03,8.999999999999999e-05,1.5099033759165984e-36,500.0,1,111,44.03000000000004,45.509726472342365,0.25000000000000017,3.0,0,10
GateBoundaryProximityAttack,0,av1,4,0.04,8.999999999999999e-05,1.2890398501841174e-36,500.0,1,111,44.056517857142964,45.405995459792926,0.25000000000000017,3.0,0,10
GateBoundaryProximityAttack,0,av1,5,0.05,9.000000000000006e-05,1.7026569983740367e-36,500.0,1,111,43.69991071428587,45.05756801988317,0.25000000000000017,3.0,0,10
GateBoundaryProximityAttack,0,av1,6,0.06,8.999999999999999e-05,3.6627203967381106e-35,500.0,1,111,44.120714285713795,44.97425551001734,0.25000000000000033,3.0,0,10
GateBoundaryProximityAttack,0,av1,7,0.07,9.000000000000006e-05,4.852572445366005e-35,500.0,1,111,44.21026785714339,45.02763368692079,0.25000000000000033,3.0,0,10
GateBoundaryProximityAttack,0,av1,8,0.08,9.000000000000006e-05,4.852572445366005e-35,500.0,1,111,43.58437499999965,44.74413148946637,0.25000000000000033,3.0,0,10
GateBoundaryProximityAttack,0,av1,9,0.09,8.999999999999992e-05,4.85739128592744e-35,500.0,1,111,43.76214285714288,45.13184864598031,0.25000000000000033,3.0,0,10
GateBoundaryProximityAttack,0,av1,10,0.1,8.999999999999999e-05,4.855046985113769e-35,500.0,1,112,43.74604444444458,45.27553248580214,0.24999999999999895,3.0,0,10
GateBoundaryProximityAttack,0,av1,11,0.11,9.000000000000006e-05,4.852572445366005e-35,500.0,1,111,43.65526785714238,44.930972517938976,0.25000000000000033,3.0,0,10
GateBoundaryProximityAttack,0,av1,12,0.12,9.000000000000006e-05,9.446533780601613e-35,500.0,1,111,43.610625000001065,44.5815894310581,0.24999999999998612,3.0,0,10
GateBoundaryProximityAttack,0,av1,13,0.13,8.999999999999992e-05,1.4398695597570627e-34,500.0,1,111,44.30205357142849,45.051538252350774,0.24999999999997224,3.0,0,10
GateBoundaryProximityAttack,0,av1,14,0.14,8.999999999999992e-05,1.4398695597570627e-34,500.0,1,111,44.49999999999992,44.88586470148476,0.250000000000025,3.0,0,10
GateBoundaryProximityAttack,0,av2,0,0.0,9e-05,1.362297049014728e-37,500.0,1,110,52.578311345646426,52.576264458807735,0.2500000000000001,4.0,0,10
GateBoundaryProximityAttack,0,av2,1,0.01,9e-05,4.821350374228367e-37,500.0,1,111,59.21467836257309,52.188791673013476,0.24999999999999986,4.0,0,10
GateBoundaryProximityAttack,0,av2,2,0.02,8.999999999999999e-05,6.264492729866738e-37,500.0,1,111,59.302397660818706,52.1412347063022,0.2500000000000003,4.0,0,10
GateBoundaryProximityAttack,0,av2,3,0.03,9.000000000000002e-05,1.3864205865298024e-36,500.0,1,111,59.44777777777769,52.10070585950791,0.25000000000000017,4.0,0,10
GateBoundaryProximityAttack,0,av2,4,0.04,8.999999999999999e-05,1.2890398501841174e-36,500.0,1,111,59.58146198830413,52.2622776232765,0.25000000000000017,4.0,0,10
GateBoundaryProximityAttack,0,av2,5,0.05,8.999999999999999e-05,1.2776439434509919e-36,500.0,1,112,59.058658892128385,52.23478437574855,0.25000000000000017,4.0,0,10
GateBoundaryProximityAttack,0,av2,6,0.06,9.000000000000006e-05,3.7040821115571023e-35,500.0,1,111,59.243918128654705,52.216762175109174,0.25000000000000033,4.0,0,10
GateBoundaryProximityAttack,0,av2,7,0.07,9.000000000000006e-05,4.852572445366005e-35,500.0,1,111,59.38929824561446,52.14272181441689,0.25000000000000033,4.0,0,10
GateBoundaryProximityAttack,0,av2,8,0.08,9.000000000000006e-05,4.852572445366005e-35,500.0,1,111,59.56602339181255,52.273103315005955,0.25000000000000033,4.0,0,10
GateBoundaryProximityAttack,0,av2,9,0.09,9.000000000000006e-05,4.852572445366005e-35,500.0,1,111,59.39096209912529,52.269198436669676,0.25000000000000033,4.0,0,10
GateBoundaryProximityAttack,0,av2,10,0.1,9.000000000000006e-05,4.852572445366005e-35,500.0,1,111,59.21467836257348,52.18879167301254,0.24999999999999895,4.0,0,10
GateBoundaryProximityAttack,0,av2,11,0.11,9.000000000000006e-05,4.852572445366005e-35,500.0,1,111,59.30239766081827,52.141234706302505,0.25000000000000033,4.0,0,10
GateBoundaryProximityAttack,0,av2,12,0.12,9.000000000000006e-05,9.446533780601613e-35,500.0,1,111,59.44777777777857,52.10070585950637,0.24999999999998612,4.0,0,10
GateBoundaryProximityAttack,0,av2,13,0.13,9.000000000000018e-05,1.4032463714901495e-34,500.0,1,111,59.581461988304454,52.262277623277576,0.24999999999997224,4.0,0,10
GateBoundaryProximityAttack,0,av2,14,0.14,8.999999999999999e-05,1.4309612166651108e-34,500.0,1,112,59.0586588921278,52.234784375748085,0.250000000000025,4.0,0,10
GateBoundaryProximityAttack,0,radarNode,0,0.0,0.0004999999999999999,2.0945796999739823e-37,64.0,1,20,52.38941724941724,50.779133812367995,0.2500000000000001,31.0,0,10
GateBoundaryProximityAttack,0,radarNode,1,0.01,0.0005,9.502943804542282e-37,64.0,1,20,57.17195822454312,50.26962750306269,0.24999999999999986,54.0,0,10
GateBoundaryProximityAttack,0,radarNode,2,0.02,0.0005000000000000001,1.196666997609028e-36,64.0,1,20,57.27712793733682,50.248605316289854,0.2500000000000003,78.0,0,10
GateBoundaryProximityAttack,0,radarNode,3,0.03,0.0005000000000000002,3.308432287507313e-36,64.0,1,20,57.407676240208964,50.31836060743141,0.25000000000000017,101.0,0,10
GateBoundaryProximityAttack,0,radarNode,4,0.04,0.0005000000000000001,2.5341183478779418e-36,64.0,1,20,57.47441253263719,50.31550992864024,0.25000000000000017,124.0,0,10
GateBoundaryProximityAttack,0,radarNode,5,0.05,0.0005000000000000001,2.5341183478779418e-36,64.0,1,20,57.220208333333396,50.28443030428973,0.25000000000000017,147.0,0,10
GateBoundaryProximityAttack,0,radarNode,6,0.06,0.0004999999999999997,1.0136473391511767e-35,64.0,1,20,57.368511749347235,50.22088735091501,0.25000000000000033,171.0,0,10
GateBoundaryProximityAttack,0,radarNode,7,0.07,0.0005000000000000004,0.0,64.0,1,20,57.48381201044428,50.18506735504613,0.25000000000000033,194.0,0,10
GateBoundaryProximityAttack,0,radarNode,8,0.08,0.0004999999999999997,1.0136473391511767e-35,64.0,1,20,57.39462140992157,50.26864228495779,0.25000000000000033,217.0,0,10
GateBoundaryProximityAttack,0,radarNode,9,0.09,0.0004999999999999997,1.0136473391511767e-35,64.0,1,20,57.25321148825086,50.312453839850264,0.25000000000000033,240.0,0,10
GateBoundaryProximityAttack,0,radarNode,10,0.1,0.0005000000000000004,0.0,64.0,1,20,57.20718750000027,50.305022681156515,0.24999999999999895,263.0,0,10
GateBoundaryProximityAttack,0,radarNode,11,0.11,0.0004999999999999997,1.0136473391511767e-35,64.0,1,20,57.38156657963428,50.19959076250172,0.25000000000000033,287.0,0,10
GateBoundaryProximityAttack,0,radarNode,12,0.12,0.0004999999999999997,1.0136473391511767e-35,64.0,1,20,57.51138381201197,50.068798405139844,0.24999999999998612,310.0,0,10
GateBoundaryProximityAttack,0,radarNode,13,0.13,0.0005000000000000004,0.0,64.0,1,20,57.56579634464794,50.21090854580413,0.24999999999997224,333.0,0,10
GateBoundaryProximityAttack,0,radarNode,14,0.14,0.0005000000000000004,0.0,64.0,1,20,57.271562499999135,50.17065622828943,0.250000000000025,356.0,0,10
GateBoundaryProximityAttack,0,zonalHost,0,0.0,0.0005,1.979779959279642e-37,20.0,1,20,57.230487804878074,50.72569179975192,0.2500000000000001,50.0,0,10
GateBoundaryProximityAttack,0,zonalHost,1,0.01,0.0005,9.502943804542282e-37,20.0,1,20,63.0476584022039,49.30854430204612,0.24999999999999986,93.0,0,10
GateBoundaryProximityAttack,0,zonalHost,2,0.02,0.0004999999999999999,1.689412231918628e-36,20.0,1,20,63.0361983471076,49.1888728589282,0.2500000000000003,137.0,0,10
GateBoundaryProximityAttack,0,zonalHost,3,0.03,0.0005000000000000001,2.5341183478779418e-36,20.0,1,20,63.51487603305799,49.42437727174757,0.25000000000000017,180.0,0,10
GateBoundaryProximityAttack,0,zonalHost,4,0.04,0.0005000000000000001,2.5341183478779418e-36,20.0,1,20,63.29702479338866,49.59073385161123,0.25000000000000017,223.0,0,10
GateBoundaryProximityAttack,0,zonalHost,5,0.05,0.0004999999999999998,4.5614130261802956e-36,20.0,1,21,62.768681318681594,49.56035565097118,0.25000000000000017,266.0,0,10
GateBoundaryProximityAttack,0,zonalHost,6,0.06,0.0005000000000000004,0.0,20.0,1,20,63.447217630854055,49.13562445777781,0.25000000000000033,310.0,0,10
GateBoundaryProximityAttack,0,zonalHost,7,0.07,0.0004999999999999997,1.0136473391511767e-35,20.0,1,20,63.376694214876466,49.12619364197399,0.25000000000000033,353.0,0,10
GateBoundaryProximityAttack,0,zonalHost,8,0.08,0.0004999999999999997,1.0136473391511767e-35,20.0,1,20,63.21283746556513,49.227632736090776,0.25000000000000033,396.0,0,10
GateBoundaryProximityAttack,0,zonalHost,9,0.09,0.0005000000000000004,0.0,20.0,1,20,63.03730027548246,49.608385278386905,0.25000000000000033,439.0,0,10
GateBoundaryProximityAttack,0,zonalHost,10,0.1,0.0004999999999999997,1.0136473391511767e-35,20.0,1,20,63.09494505494563,49.459622073964326,0.24999999999999895,482.0,0,10
GateBoundaryProximityAttack,0,zonalHost,11,0.11,0.0004999999999999997,1.0136473391511767e-35,20.0,1,20,63.321487603306025,49.29437959503425,0.25000000000000033,526.0,0,10
GateBoundaryProximityAttack,0,zonalHost,12,0.12,0.0005000000000000004,0.0,20.0,1,20,63.09118457300415,49.1318978594042,0.24999999999998612,569.0,0,10
GateBoundaryProximityAttack,0,zonalHost,13,0.13,0.0005000000000000004,0.0,20.0,1,20,63.80413223140559,49.229318169236535,0.24999999999997224,612.0,0,10
GateBoundaryProximityAttack,0,zonalHost,14,0.14,0.000499999999999999,3.851859888774472e-35,20.0,1,21,63.32824175824209,49.63499394476778,0.250000000000025,655.0,0,10
GateBoundaryProximityAttack,0,attackNode,0,0.0,0.0005,2.9304867938920538e-37,529.0,1,20,54.275044642857125,51.489518313875,0.2500000000000001,15.0,0,10
GateBoundaryProximityAttack,0,attackNode,1,0.01,0.0005,9.502943804542282e-37,529.0,1,20,56.633796526054596,49.39768294995393,0.24999999999999986,18.0,0,10
GateBoundaryProximityAttack,0,attackNode,2,0.02,0.0005000000000000001,1.196666997609028e-36,529.0,1,20,57.17238805970147,49.562115376235035,0.2500000000000003,22.0,0,10
GateBoundaryProximityAttack,0,attackNode,3,0.03,0.0005000000000000002,3.308432287507313e-36,529.0,1,20,59.31697270471468,50.53461078637198,0.25000000000000017,25.0,0,10
GateBoundaryProximityAttack,0,attackNode,4,0.04,0.0005000000000000001,2.5341183478779418e-36,529.0,1,20,55.7656218905474,49.89166361218402,0.25000000000000017,30.0,0,10
GateBoundaryProximityAttack,0,attackNode,5,0.05,0.0005000000000000001,2.5341183478779418e-36,529.0,1,20,59.218217821782176,50.689810750658175,0.25000000000000017,33.0,0,10
GateBoundaryProximityAttack,0,attackNode,6,0.06,0.0005000000000000001,2.5341183478779418e-36,529.0,1,20,57.240248138957526,49.54936461017038,0.25000000000000033,36.0,0,10
GateBoundaryProximityAttack,0,attackNode,7,0.07,0.0004999999999999997,1.0136473391511767e-35,529.0,1,20,56.99776119402994,49.47310561824316,0.25000000000000033,40.0,0,10
GateBoundaryProximityAttack,0,attackNode,8,0.08,0.0005000000000000004,0.0,529.0,1,20,59.41553349875924,50.450590536418915,0.25000000000000033,43.0,0,10
GateBoundaryProximityAttack,0,attackNode,9,0.09,0.0004999999999999997,1.0136473391511767e-35,529.0,1,20,55.690669975186,49.767367560763475,0.25000000000000033,46.0,0,10
GateBoundaryProximityAttack,0,attackNode,10,0.1,0.0004999999999999997,1.0136473391511767e-35,529.0,1,20,58.73468982630281,50.47065941003833,0.24999999999999895,51.0,0,10
GateBoundaryProximityAttack,0,attackNode,11,0.11,0.0005000000000000004,0.0,529.0,1,20,57.858511166252825,49.905482861790155,0.25000000000000033,54.0,0,10
GateBoundaryProximityAttack,0,attackNode,12,0.12,0.0004999999999999997,1.0136473391511767e-35,529.0,1,20,56.63845771144337,49.512885374053916,0.24999999999998612,58.0,0,10
GateBoundaryProximityAttack,0,attackNode,13,0.13,0.0005000000000000004,0.0,529.0,1,20,59.614838709677905,50.43471154392291,0.24999999999997224,61.0,0,10
GateBoundaryProximityAttack,0,attackNode,14,0.14,0.000499999999999999,4.054589356604707e-35,529.0,1,20,56.03118811881146,49.51036880222334,0.250000000000025,64.0,0,10
WindowBoundaryQueuingAttack,0,av1,0,0.0,9e-05,1.396471836198659e-37,500.0,1,110,44.02049999999998,46.284354847958674,0.2500000000000001,4.0,0,11
WindowBoundaryQueuingAttack,0,av1,1,0.01,9e-05,4.781306424180024e-37,500.0,1,112,47.457142857142735,43.754992528536796,0.24999999999999986,3.0,0,11
WindowBoundaryQueuingAttack,0,av1,2,0.02,8.999999999999999e-05,6.264492729866738e-37,500.0,1,111,47.54767857142842,43.9098067635557,0.2500000000000003,3.0,0,11
WindowBoundaryQueuingAttack,0,av1,3,0.03,8.999999999999999e-05,1.5099033759165984e-36,500.0,1,111,48.040714285714245,44.52211727716625,0.25000000000000017,3.0,0,11
WindowBoundaryQueuingAttack,0,av1,4,0.04,8.999999999999999e-05,1.2890398501841174e-36,500.0,1,111,48.06723214285704,44.4136744932313,0.25000000000000017,3.0,0,11
WindowBoundaryQueuingAttack,0,av1,5,0.05,9.000000000000006e-05,1.7026569983740367e-36,500.0,1,111,47.71062499999991,44.08999682734621,0.25000000000000017,3.0,0,11
WindowBoundaryQueuingAttack,0,av1,6,0.06,8.999999999999999e-05,3.6627203967381106e-35,500.0,1,111,48.131428571427655,43.96631051987771,0.25000000000000033,3.0,0,11
WindowBoundaryQueuingAttack,0,av1,7,0.07,9.000000000000006e-05,4.852572445366005e-35,500.0,1,111,48.220982142857494,44.01271439740318,0.25000000000000033,3.0,0,11
WindowBoundaryQueuingAttack,0,av1,8,0.08,9.000000000000006e-05,4.852572445366005e-35,500.0,1,111,47.59508928571382,43.780265011490314,0.25000000000000033,3.0,0,11
WindowBoundaryQueuingAttack,0,av1,9,0.09,8.999999999999992e-05,4.85739128592744e-35,500.0,1,111,47.77285714285649,44.16022777749956,0.25000000000000033,3.0,0,11
WindowBoundaryQueuingAttack,0,av1,10,0.1,8.999999999999999e-05,4.855046985113769e-35,500.0,1,112,47.738933333333286,44.313696918349514,0.24999999999999895,3.0,0,11
WindowBoundaryQueuingAttack,0,av1,11,0.11,9.000000000000006e-05,4.852572445366005e-35,500.0,1,111,47.66598214285623,43.96470608447078,0.25000000000000033,3.0,0,11
WindowBoundaryQueuingAttack,0,av1,12,0.12,9.000000000000006e-05,9.446533780601613e-35,500.0,1,111,47.62133928571529,43.611706125794406,0.24999999999998612,3.0,0,11
WindowBoundaryQueuingAttack,0,av1,13,0.13,8.999999999999992e-05,1.4398695597570627e-34,500.0,1,111,48.31276785714184,44.028772160428126,0.24999999999997224,3.0,0,11
WindowBoundaryQueuingAttack,0,av1,14,0.14,8.999999999999992e-05,1.4398695597570627e-34,500.0,1,111,48.492888888888444,43.84658415502265,0.250000000000025,3.0,0,11
WindowBoundaryQueuingAttack,0,av2,0,0.0,9e-05,1.362297049014728e-37,500.0,1,110,55.031578947368395,51.623410212161154,0.2500000000000001,4.0,0,11
WindowBoundaryQueuingAttack,0,av2,1,0.01,9e-05,4.821350374228367e-37,500.0,1,111,61.84157894736836,50.88375920827095,0.24999999999999986,4.0,0,11
WindowBoundaryQueuingAttack,0,av2,2,0.02,8.999999999999999e-05,6.264492729866738e-37,500.0,1,111,61.92929824561396,50.830434980700296,0.2500000000000003,4.0,0,11
WindowBoundaryQueuingAttack,0,av2,3,0.03,9.000000000000002e-05,1.3864205865298024e-36,500.0,1,111,62.07467836257296,50.78131818476605,0.25000000000000017,4.0,0,11
WindowBoundaryQueuingAttack,0,av2,4,0.04,8.999999999999999e-05,1.2890398501841174e-36,500.0,1,111,62.20836257309931,50.94016075706982,0.25000000000000017,4.0,0,11
WindowBoundaryQueuingAttack,0,av2,5,0.05,8.999999999999999e-05,1.2776439434509919e-36,500.0,1,112,61.67790087463551,50.94303485520998,0.25000000000000017,4.0,0,11
WindowBoundaryQueuingAttack,0,av2,6,0.06,9.000000000000006e-05,3.7040821115571023e-35,500.0,1,111,61.870818713449744,50.91093356551709,0.25000000000000033,4.0,0,11
WindowBoundaryQueuingAttack,0,av2,7,0.07,9.000000000000006e-05,4.852572445366005e-35,500.0,1,111,62.016198830409664,50.82745620794157,0.25000000000000033,4.0,0,11
WindowBoundaryQueuingAttack,0,av2,8,0.08,9.000000000000006e-05,4.852572445366005e-35,500.0,1,111,62.192923976607794,50.95206565924853,0.25000000000000033,4.0,0,11
WindowBoundaryQueuingAttack,0,av2,9,0.09,9.000000000000006e-05,4.852572445366005e-35,500.0,1,111,62.01020408163214,50.961194567166324,0.25000000000000033,4.0,0,11
WindowBoundaryQueuingAttack,0,av2,10,0.1,9.000000000000006e-05,4.852572445366005e-35,500.0,1,111,61.84157894736868,50.88375920826999,0.24999999999999895,4.0,0,11
WindowBoundaryQueuingAttack,0,av2,11,0.11,9.000000000000006e-05,4.852572445366005e-35,500.0,1,111,61.92929824561332,50.83043498070076,0.25000000000000033,4.0,0,11
WindowBoundaryQueuingAttack,0,av2,12,0.12,9.000000000000006e-05,9.446533780601613e-35,500.0,1,111,62.07467836257385,50.78131818476459,0.24999999999998612,4.0,0,11
WindowBoundaryQueuingAttack,0,av2,13,0.13,9.000000000000018e-05,1.4032463714901495e-34,500.0,1,111,62.208362573099166,50.94016075707083,0.24999999999997224,4.0,0,11
WindowBoundaryQueuingAttack,0,av2,14,0.14,8.999999999999999e-05,1.4309612166651108e-34,500.0,1,112,61.67790087463485,50.94303485520946,0.250000000000025,4.0,0,11
WindowBoundaryQueuingAttack,0,radarNode,0,0.0,0.0004999999999999999,2.0945796999739823e-37,64.0,1,20,54.3181395348837,50.01345559067425,0.2500000000000001,31.0,0,11
WindowBoundaryQueuingAttack,0,radarNode,1,0.01,0.0005,9.502943804542282e-37,64.0,1,20,59.5176501305483,49.165326326469796,0.24999999999999986,54.0,0,11
WindowBoundaryQueuingAttack,0,radarNode,2,0.02,0.0005000000000000001,1.196666997609028e-36,64.0,1,20,59.62281984334198,49.138798485870545,0.2500000000000003,78.0,0,11
WindowBoundaryQueuingAttack,0,radarNode,3,0.03,0.0005000000000000002,3.308432287507313e-36,64.0,1,20,59.75336814621414,49.203887439403076,0.25000000000000017,101.0,0,11
WindowBoundaryQueuingAttack,0,radarNode,4,0.04,0.0005000000000000001,2.5341183478779418e-36,64.0,1,20,59.82010443864228,49.19778205520405,0.25000000000000017,124.0,0,11
WindowBoundaryQueuingAttack,0,radarNode,5,0.05,0.0005000000000000001,2.5341183478779418e-36,64.0,1,20,59.559791666666584,49.181220640240866,0.25000000000000017,147.0,0,11
WindowBoundaryQueuingAttack,0,radarNode,6,0.06,0.0004999999999999997,1.0136473391511767e-35,64.0,1,20,59.71420365535221,49.10607770821329,0.25000000000000033,171.0,0,11
WindowBoundaryQueuingAttack,0,radarNode,7,0.07,0.0005000000000000004,0.0,64.0,1,20,59.8295039164494,49.06391742623839,0.25000000000000033,194.0,0,11
WindowBoundaryQueuingAttack,0,radarNode,8,0.08,0.0004999999999999997,1.0136473391511767e-35,64.0,1,20,59.74031331592672,49.15366647209819,0.25000000000000033,217.0,0,11
WindowBoundaryQueuingAttack,0,radarNode,9,0.09,0.0004999999999999997,1.0136473391511767e-35,64.0,1,20,59.598903394255686,49.205230278420736,0.25000000000000033,240.0,0,11
WindowBoundaryQueuingAttack,0,radarNode,10,0.1,0.0005000000000000004,0.0,64.0,1,20,59.546770833333504,49.202895497272,0.24999999999999895,263.0,0,11
WindowBoundaryQueuingAttack,0,radarNode,11,0.11,0.0004999999999999997,1.0136473391511767e-35,64.0,1,20,59.72725848563925,49.08367191589438,0.25000000000000033,287.0,0,11
WindowBoundaryQueuingAttack,0,radarNode,12,0.12,0.0004999999999999997,1.0136473391511767e-35,64.0,1,20,59.857075718017164,48.943660396387514,0.24999999999998612,310.0,0,11
WindowBoundaryQueuingAttack,0,radarNode,13,0.13,0.0005000000000000004,0.0,64.0,1,20,59.911488250652624,49.08642091186133,0.24999999999997224,333.0,0,11
WindowBoundaryQueuingAttack,0,radarNode,14,0.14,0.0005000000000000004,0.0,64.0,1,20,59.61114583333225,49.06243325506898,0.250000000000025,356.0,0,11
WindowBoundaryQueuingAttack,0,zonalHost,0,0.0,0.0005,1.979779959279642e-37,20.0,1,20,59.38107317073171,49.415765842086394,0.2500000000000001,51.0,0,11
WindowBoundaryQueuingAttack,0,zonalHost,1,0.01,0.0005,9.502943804542282e-37,20.0,1,20,65.54892561983472,47.691114982667614,0.24999999999999986,94.0,0,11
WindowBoundaryQueuingAttack,0,zonalHost,2,0.02,0.0004999999999999999,1.689412231918628e-36,20.0,1,20,65.34528925619841,47.91246602582414,0.2500000000000003,138.0,0,11
WindowBoundaryQueuingAttack,0,zonalHost,3,0.03,0.0005000000000000001,2.5341183478779418e-36,20.0,1,20,65.86738292011029,47.95400082439064,0.25000000000000017,181.0,0,11
WindowBoundaryQueuingAttack,0,zonalHost,4,0.04,0.0005000000000000001,2.5341183478779418e-36,20.0,1,20,65.84170798898084,47.898669658830215,0.25000000000000017,224.0,0,11
WindowBoundaryQueuingAttack,0,zonalHost,5,0.05,0.0004999999999999998,4.5614130261802956e-36,20.0,1,21,65.38516483516497,47.534589867348515,0.25000000000000017,267.0,0,11
WindowBoundaryQueuingAttack,0,zonalHost,6,0.06,0.0005000000000000004,0.0,20.0,1,20,65.8523966942147,47.64042467880583,0.25000000000000033,311.0,0,11
WindowBoundaryQueuingAttack,0,zonalHost,7,0.07,0.0004999999999999997,1.0136473391511767e-35,20.0,1,20,66.00038567493145,47.76830474249993,0.25000000000000033,354.0,0,11
WindowBoundaryQueuingAttack,0,zonalHost,8,0.08,0.0004999999999999997,1.0136473391511767e-35,20.0,1,20,65.56534435261743,48.00732974745106,0.25000000000000033,397.0,0,11
WindowBoundaryQueuingAttack,0,zonalHost,9,0.09,0.0005000000000000004,0.0,20.0,1,20,65.38980716253432,47.9990172173357,0.25000000000000033,440.0,0,11
WindowBoundaryQueuingAttack,0,zonalHost,10,0.1,0.0004999999999999997,1.0136473391511767e-35,20.0,1,20,65.78098901098947,47.63084024316364,0.24999999999999895,483.0,0,11
WindowBoundaryQueuingAttack,0,zonalHost,11,0.11,0.0004999999999999997,1.0136473391511767e-35,20.0,1,20,65.96225895316799,47.76113478538771,0.25000000000000033,527.0,0,11
WindowBoundaryQueuingAttack,0,zonalHost,12,0.12,0.0005000000000000004,0.0,20.0,1,20,65.83730027548329,47.50068952550587,0.24999999999998612,570.0,0,11
WindowBoundaryQueuingAttack,0,zonalHost,13,0.13,0.0005000000000000004,0.0,20.0,1,20,66.13030303030324,48.028108191217804,0.24999999999997224,613.0,0,11
WindowBoundaryQueuingAttack,0,zonalHost,14,0.14,0.000499999999999999,3.851859888774472e-35,20.0,1,21,65.79637362637376,47.80692352814858,0.250000000000025,656.0,0,11
WindowBoundaryQueuingAttack,0,attackNode,0,0.0,0.0005,2.0677701796920705e-37,529.0,1,20,54.275044642857125,51.489518313875,0.2500000000000001,15.0,0,11
WindowBoundaryQueuingAttack,0,attackNode,1,0.01,0.0005,9.502943804542282e-37,529.0,1,20,56.633796526054596,49.39768294995393,0.24999999999999986,18.0,0,11
WindowBoundaryQueuingAttack,0,attackNode,2,0.02,0.0005000000000000001,1.196666997609028e-36,529.0,1,20,57.17238805970147,49.562115376235035,0.2500000000000003,22.0,0,11
WindowBoundaryQueuingAttack,0,attackNode,3,0.03,0.0005000000000000002,3.308432287507313e-36,529.0,1,20,59.31697270471468,50.53461078637198,0.25000000000000017,25.0,0,11
WindowBoundaryQueuingAttack,0,attackNode,4,0.04,0.0005000000000000001,2.5341183478779418e-36,529.0,1,20,55.7656218905474,49.89166361218402,0.25000000000000017,30.0,0,11
WindowBoundaryQueuingAttack,0,attackNode,5,0.05,0.0005000000000000001,2.5341183478779418e-36,529.0,1,20,59.218217821782176,50.689810750658175,0.25000000000000017,33.0,0,11
WindowBoundaryQueuingAttack,0,attackNode,6,0.06,0.0005000000000000001,2.5341183478779418e-36,529.0,1,20,57.240248138957526,49.54936461017038,0.25000000000000033,36.0,0,11
WindowBoundaryQueuingAttack,0,attackNode,7,0.07,0.0004999999999999997,1.0136473391511767e-35,529.0,1,20,56.99776119402994,49.47310561824316,0.25000000000000033,40.0,0,11
WindowBoundaryQueuingAttack,0,attackNode,8,0.08,0.0005000000000000004,0.0,529.0,1,20,59.41553349875924,50.450590536418915,0.25000000000000033,43.0,0,11
WindowBoundaryQueuingAttack,0,attackNode,9,0.09,0.0004999999999999997,1.0136473391511767e-35,529.0,1,20,55.690669975186,49.767367560763475,0.25000000000000033,46.0,0,11
WindowBoundaryQueuingAttack,0,attackNode,10,0.1,0.0004999999999999997,1.0136473391511767e-35,529.0,1,20,58.73468982630281,50.47065941003833,0.24999999999999895,51.0,0,11
WindowBoundaryQueuingAttack,0,attackNode,11,0.11,0.0005000000000000004,0.0,529.0,1,20,57.858511166252825,49.905482861790155,0.25000000000000033,54.0,0,11
WindowBoundaryQueuingAttack,0,attackNode,12,0.12,0.000499999999999999,6.194511517034969e-35,529.0,1,20,56.63845771144337,49.512885374053916,0.24999999999998612,58.0,0,11
WindowBoundaryQueuingAttack,0,attackNode,13,0.13,0.0005000000000000004,0.0,529.0,1,20,59.614838709677905,50.43471154392291,0.24999999999997224,61.0,0,11
WindowBoundaryQueuingAttack,0,attackNode,14,0.14,0.0005000000000000004,0.0,529.0,1,20,56.03118811881146,49.51036880222334,0.250000000000025,64.0,0,11
